,Unnamed: 0,Unnamed: 0_x,Unnamed: 0.1,H_1_1,H_1_2,H_1_3,H_2_1,H_2_2,H_2_3,H_3_1,H_3_2,H_3_3,H_forward_1_1,H_forward_1_2,H_forward_1_3,H_forward_2_1,H_forward_2_2,H_forward_2_3,H_forward_3_1,H_forward_3_2,H_forward_3_3,frame_id,head_3d_1,head_3d_2,head_3d_3,height,l_ear_3d_1,l_ear_3d_2,l_ear_3d_3,l_elbow_3d_1,l_elbow_3d_2,l_elbow_3d_3,l_eye_3d_1,l_eye_3d_2,l_eye_3d_3,l_foot_3d_1,l_foot_3d_2,l_foot_3d_3,l_hand_3d_1,l_hand_3d_2,l_hand_3d_3,l_hip_3d_1,l_hip_3d_2,l_hip_3d_3,l_knee_3d_1,l_knee_3d_2,l_knee_3d_3,l_shoulder_3d_1,l_shoulder_3d_2,l_shoulder_3d_3,neck_3d_1,neck_3d_2,neck_3d_3,person_id,pose_bb_1,pose_bb_2,pose_bb_3,pose_bb_4,r_ear_3d_1,r_ear_3d_2,r_ear_3d_3,r_elbow_3d_1,r_elbow_3d_2,r_elbow_3d_3,r_eye_3d_1,r_eye_3d_2,r_eye_3d_3,r_foot_3d_1,r_foot_3d_2,r_foot_3d_3,r_hand_3d_1,r_hand_3d_2,r_hand_3d_3,r_hip_3d_1,r_hip_3d_2,r_hip_3d_3,r_knee_3d_1,r_knee_3d_2,r_knee_3d_3,r_shoulder_3d_1,r_shoulder_3d_2,r_shoulder_3d_3,threshold,upper_bb_1,upper_bb_2,upper_bb_3,upper_bb_4,width,R_1,R_2,R_3,T_1,T_2,T_3,Unnamed: 0_y,position_x,position_y,next_frame_position_x,next_frame_position_y
0,0,3295,9982,0.9947793329327436,0.0002879807488854,2.4191225232090843,-0.0018616543867146,0.9969297465085792,1.6650356060478997,-3.611886007928994e-06,-3.095916040953116e-07,1.0,1.0052480418209662,-0.0002911386738436,-2.431333423122679,0.0018711228034786,1.0030879772160752,-1.6747036733809149,3.631420620661357e-06,3.094960562126232e-07,1.0,3,0.0,0.0,0.0,960,563.048,490.174,0.768343,547.482,539.673,0.731854,0.0,0.0,0.0,547.49,651.655,0.792225,549.944,560.526,0.506451,555.217,568.309,0.864282,552.543,609.925,0.8461129999999999,552.567,513.553,0.9003190000000001,570.9540000000002,511.064,0.938284,0,547.482,490.174,597.026,654.448,578.735,490.267,0.694484,594.495,547.347,0.8295290000000001,0.0,0.0,0.0,589.06,654.448,0.90878,597.026,563.136,0.6683,578.786,568.294,0.837357,576.2330000000002,612.56,0.95809,591.664,513.529,0.930075,0.8,547.482,490.174,597.026,568.309,1280,-0.00234479014762,-0.00170866004191,-0.0196738578379,0.000402415229473,-0.00112220284063,-0.0033934393432,9265,560.5255,557.8605,559.1320000000002,552.7215
1,3,3296,22359,0.9931222710139058,0.0018069172911618,3.2146928875186265,-0.0031131430750906,0.9985550649654106,1.0911783910469792,-6.163234097551385e-06,2.704497107700836e-06,1.0,1.0069166723289928,-0.0018132863160367,-3.234949246015096,0.0031324393773742,1.0014613242438086,-1.1028427870711643,6.197391495054868e-06,-2.719624962943251e-06,1.0,4,0.0,0.0,0.0,960,555.263,490.1880000000001,0.6215,544.79,534.498,0.61828,0.0,0.0,0.0,547.482,651.694,0.81302,549.937,552.632,0.279517,552.679,568.274,0.932297,550.066,607.404,0.901181,550.049,511.061,0.922668,568.327,510.994,0.955995,0,544.79,490.1880000000001,591.888,651.694,573.544,490.215,0.7174119999999999,591.863,544.8340000000002,0.8216479999999999,0.0,0.0,0.0,581.2959999999998,649.144,0.8476309999999999,591.888,563.105,0.700856,573.6469999999998,568.276,0.905996,573.486,612.515,1.01499,586.5409999999998,511.036,0.911004,0.8,544.79,490.1880000000001,591.888,568.276,1280,-0.00150492391549,-0.00173971976619,-0.0261225327849,0.0008130177157,-0.00152803608216,-0.00321566686034,9272,559.1320000000002,552.7215,555.25,552.6625
2,6,3297,3012,0.9932686072044647,-0.0016867435432047,3.497950596388371,-0.0024096951510221,0.994708352695336,2.8502872924525744,-3.8546254950442526e-06,-2.859574036133546e-06,1.0,1.0067894028026114,0.0016970915413816,-3.5265367904254155,0.0024278215453409,1.0053375804890092,-2.8739933301152902,3.8877386356387456e-06,2.881378895038525e-06,1.0,5,0.0,0.0,0.0,960,552.615,490.094,0.709005,547.365,534.429,0.671774,0.0,0.0,0.0,549.95,643.936,0.8042600000000001,547.45,555.268,0.450637,552.573,563.062,0.897907,550.125,599.648,0.908571,550.039,510.953,0.933146,568.188,510.883,0.941024,0,547.365,490.09,591.736,643.936,570.906,490.09,0.652946,591.736,539.635,0.8082010000000001,0.0,0.0,0.0,570.941,643.911,0.876862,591.7040000000002,563.109,0.633599,573.561,560.5459999999998,0.8804569999999999,570.927,609.898,0.913495,576.259,510.902,0.928972,0.8,547.365,490.09,591.736,563.109,1280,-0.00158162601292,-0.00135044509079,-0.0397171378136,0.0024338781368,-0.00111344887409,-0.00246314727701,9264,555.25,552.6625,548.768,549.9645
3,10,3298,16940,0.9929864515065258,-0.0023221893809856,3.59752037536066,-0.0017895860987796,0.994130622222188,2.9506919280329003,-3.919006901415607e-06,-3.137850190611988e-06,1.0,1.0070767046747864,0.0023409728435175,-3.6298864542917233,0.0018011598666545,1.005922547631651,-2.9746472508425734,3.95239232570628e-06,3.1656085465566435e-06,1.0,6,0.0,0.0,0.0,960,550.065,487.534,0.648263,544.786,531.852,0.488385,0.0,0.0,0.0,547.471,638.7080000000002,0.7726,549.911,552.557,0.251429,550.107,557.832,0.87692,550.109,597.03,0.924733,547.4069999999998,508.413,0.856359,560.493,508.365,0.90104,0,544.786,487.534,591.7330000000002,643.878,568.367,487.575,0.662755,589.1419999999998,534.385,0.815971,0.0,0.0,0.0,563.09,643.878,0.851785,591.7330000000002,557.866,0.697617,570.944,557.889,0.8949860000000001,568.285,602.206,0.8482209999999999,573.622,508.402,0.953772,0.8,544.786,487.534,591.7330000000002,557.889,1280,-0.00161724176724,0.000251089775702,-0.0680942833424,0.0069779041223199,-0.00207077246159,-0.000619256461505,9275,548.768,549.9645,537.0429999999999,522.72
4,14,3299,18027,0.99628277480347,-0.0026039215684772,2.2344105725324046,0.000141950580358,0.9955048885897476,1.6887567471914466,-1.4052964997539409e-06,-3.2010285710499893e-06,1.0,1.0037361708683972,0.0026182261946124,-2.2471802593733643,-0.000145516328103,1.0045182002652662,-1.696061745152588,1.4100811256739696e-06,3.2191708432956846e-06,1.0,7,0.0,0.0,0.0,960,550.038,487.394,0.6040439999999999,539.595,529.145,0.464455,0.0,0.0,0.0,544.863,636.087,0.723406,549.918,549.927,0.205085,550.008,552.693,0.880453,550.044,594.323,0.896243,547.36,508.221,0.8368629999999999,557.904,505.755,0.8753270000000001,0,539.595,487.394,586.599,638.707,568.216,487.396,0.547231,583.984,531.717,0.845975,0.0,0.0,0.0,552.59,638.707,0.8754959999999999,586.599,552.67,0.66698,568.35,552.75,0.881634,560.54,594.496,0.807746,573.497,505.77,0.90597,0.8,539.595,487.394,586.599,552.75,1280,-0.00121518282685,0.00202724407427,-0.0731042921543,0.00457650143653,-0.00600652210414,-0.00303097232245,9278,537.0429999999999,522.72,519.9435,505.7885
5,18,3300,12497,0.9993895681126308,-0.0030741802072878,0.8644844224078383,0.0011129371345339,0.9975811972742836,0.9562180362438196,1.0592673497232636e-06,-3.705538754814252e-06,1.0,1.0006109249495003,0.003080292669014,-0.8679579889169625,-0.0011152972785125,1.0024203089512271,-0.9575682221926376,-1.0640472598640675e-06,3.711244449979768e-06,1.0,8,0.0,0.0,0.0,960,547.45,487.344,0.626378,534.375,526.566,0.463565,0.0,0.0,0.0,542.207,633.498,0.689609,549.933,542.247,0.1753839999999999,549.931,552.67,0.8802780000000001,547.457,591.872,0.8594069999999999,539.617,505.779,0.8075060000000001,555.275,505.71,0.8610979999999999,0,534.375,487.344,583.972,636.124,565.649,487.346,0.594547,581.389,529.266,0.8388129999999999,0.0,0.0,0.0,550.151,636.124,0.901398,583.972,552.613,0.610822,568.3330000000002,552.729,0.8923139999999999,560.494,594.42,0.8426239999999999,573.404,505.721,0.8959290000000001,0.8,534.375,487.344,583.972,552.729,1280,-0.00184561870992,0.00137791153975,-0.076331011951,0.00676195230335,-0.00715344725177,-0.00474588247016,9274,519.9435,505.7885,499.2735,486.16
6,20,3301,1057,0.9955378188968484,-0.0066697487096134,3.2181997834956544,0.0009074702302168,0.9916479081016842,3.834411820566873,1.974641652192948e-07,-8.852039427982378e-06,1.0,1.0045104044812154,0.0067271734869748,-3.2585099197580405,-0.0009184424556718,1.008415610632373,-3.863725006140936,-2.0648489730492e-07,8.9252063694138e-06,1.0,9,0.0,0.0,0.0,960,549.913,484.896,0.622359,534.425,529.109,0.521781,0.0,0.0,0.0,534.439,633.548,0.685189,547.432,547.486,0.267983,549.9259999999998,552.711,0.87584,544.7819999999998,591.776,0.810668,542.258,505.741,0.833775,555.297,505.667,0.8696280000000001,0,534.425,484.896,578.77,636.075,565.656,484.923,0.558371,578.77,529.252,0.7957270000000001,0.0,0.0,0.0,549.939,636.075,0.8405809999999999,578.747,552.624,0.6804720000000001,568.307,552.753,0.855503,552.752,594.414,0.797509,571.0409999999998,505.718,0.9004530000000001,0.8,534.425,484.896,578.77,552.753,1280,-0.000771817576606,0.00362893263809,-0.0885753333568999,0.00773324072361,-0.00320587307215,-0.00252657895908,9267,499.2735,486.16,495.274,466.5695
7,23,3302,11884,0.9993162705151508,-0.0020961223542119,0.8493403238094868,0.001070861465256,0.9974822170399534,0.9671088418054482,8.565913614303181e-07,-2.058263568818552e-06,1.0,1.00068394084316,0.0021010925286189,-0.8519532075085616,-0.0010734655038327,1.0025211507797225,-0.9686353314774192,-8.593866941872214e-07,2.061652983910373e-06,1.0,10,0.0,0.0,0.0,960,547.467,484.917,0.625326,531.896,526.581,0.474437,0.0,0.0,0.0,531.938,633.577,0.711,547.4019999999998,544.8380000000002,0.176027,547.352,552.625,0.810271,539.628,591.851,0.83755,539.656,505.721,0.8258200000000001,552.7869999999998,505.663,0.8798229999999999,0,531.896,484.917,578.705,636.112,563.049,487.3730000000001,0.547734,576.2330000000002,529.241,0.871282,0.0,0.0,0.0,549.919,636.112,0.853447,578.705,552.626,0.742246,563.148,552.7,0.8585809999999999,552.684,594.45,0.870764,570.923,505.745,0.907111,0.8,531.896,484.917,578.705,552.7,1280,-0.000262809102423,0.00465402891859,-0.0926309153438,0.00256991619244,-0.0021910672076,0.000705676036887,9255,495.274,466.5695,482.3445,466.7165
8,25,3303,320,0.9990566015339404,-0.0001876467265,0.2812593329306902,-0.0002708127277823,0.9984291166907552,1.7107928103114949,6.222721238461679e-07,-1.6803705777744e-06,1.0,1.0009472223083484,0.0001876456320357,-0.2818467708434465,0.0002725622145887,1.0015732304306886,-1.7135609422879374,-6.224035483577302e-07,1.6828974212562108e-06,1.0,11,0.0,0.0,0.0,960,547.346,484.944,0.579716,529.31,526.638,0.4649100000000001,0.0,0.0,0.0,534.475,633.566,0.65104,544.857,539.656,0.110847,544.789,552.612,0.747218,537.0830000000002,591.841,0.77644,534.4680000000002,508.221,0.849456,552.625,505.714,0.904758,0,529.31,484.944,576.094,633.566,557.922,487.423,0.598263,573.6,529.192,0.833283,0.0,0.0,0.0,547.4830000000002,633.535,0.715043,576.094,552.623,0.691067,563.056,552.67,0.831232,552.605,594.368,0.7866810000000001,570.744,505.775,0.878307,0.8,529.31,484.944,576.094,552.67,1280,-0.00165721960366,0.00305526610464,-0.0865689814091,-0.00503359921277,-0.00178118154872,0.00126385421026,9262,482.3445,466.7165,476.9705,471.8865
9,27,3304,3142,0.976317019780186,-0.0040156540485995,10.330347281980432,-0.0085802013722974,0.9789349884444024,12.903639866571083,-1.1536472794353233e-05,-1.4657004771779757e-05,1.0,1.0244922876005205,0.0040432935505113,-10.635534322474582,0.0088220088826725,1.0216798199003734,-13.274522870420348,1.1948331630218127e-05,1.502141134155591e-05,1.0,12,0.0,0.0,0.0,960,542.274,484.831,0.5611649999999999,531.854,521.39,0.5818260000000001,0.0,0.0,0.0,531.884,625.706,0.749211,539.64,537.082,0.271835,542.194,549.969,0.787393,534.405,589.12,0.854252,534.518,503.068,0.795659,550.1759999999998,500.552,0.8781209999999999,0,531.854,482.335,571.044,628.258,555.227,482.335,0.51007,571.044,524.025,0.751586,0.0,0.0,0.0,544.795,628.258,0.730792,570.882,549.929,0.639714,555.342,549.96,0.868555,549.974,591.623,0.802077,565.711,503.108,0.814483,0.8,531.854,482.335,571.044,549.969,1280,-2.07765388041e-05,-0.000224811199587,-0.0849195495247999,-0.00395116396248,-0.00575929228216,0.0012665418908,9271,476.9705,471.8865,441.9405,490.0805
10,30,3305,16979,0.9483025431603064,-0.0193130400722517,26.266807789498134,-0.0155429610538357,0.9476278034457548,29.45112982200698,-2.368701762481961e-05,-3.852877718161056e-05,1.0,1.0561312819980793,0.0203720857026599,-28.34117832549389,0.0165253579471231,1.0563118444298,-31.543645663675427,2.5653302125002902e-05,4.118095764142509e-05,1.0,13,0.0,0.0,0.0,960,531.894,469.201,0.473809,529.061,510.884,0.395618,0.0,0.0,0.0,526.595,612.599,0.653507,531.779,529.299,0.159959,529.276,534.4259999999998,0.80715,529.087,573.437,0.776993,531.689,487.596,0.8858520000000001,544.888,489.989,0.917058,0,526.595,469.201,563.066,612.689,550.128,469.252,0.52436,563.066,510.996,0.692348,0.0,0.0,0.0,531.957,612.689,0.798926,555.278,534.378,0.539412,549.947,536.979,0.8436620000000001,542.221,573.648,0.743917,552.736,490.041,0.917201,0.8,529.061,469.201,563.066,536.979,1280,-6.59406141494e-05,-0.00369961559772,-0.0912356898188999,0.00291051436216,-0.00411507114768,-0.000948344473727,9268,441.9405,490.0805,439.329,490.0805
11,32,3306,4928,0.9465897005156794,-0.017645129197828,26.910437953000216,-0.0153594134350907,0.9451394139193604,30.27927428032228,-2.447232612849693e-05,-3.6188887551121614e-05,1.0,1.0579692020923002,0.0186398591660826,-29.03481597732639,0.0163445905251765,1.059101903015745,-32.508677101419984,2.6482459896093188e-05,3.878388038591732e-05,1.0,14,0.0,0.0,0.0,960,531.67,461.44,0.519027,524.024,497.969,0.456284,0.0,0.0,0.0,516.145,594.406,0.6408010000000001,531.7,513.6469999999998,0.265645,529.2040000000002,521.427,0.786552,521.3969999999998,557.87,0.721983,529.09,477.114,0.821326,537.047,477.119,0.8387889999999999,0,516.145,461.44,552.808,597.0,547.448,463.962,0.516807,552.808,500.478,0.694381,0.0,0.0,0.0,529.249,597.0,0.817453,552.63,523.935,0.546619,544.882,524.013,0.841291,531.946,565.668,0.745314,550.0980000000002,477.109,0.860224,0.8,524.024,461.44,552.808,524.013,1280,-0.0013695722445799,0.000170519415406,-0.0868641659616999,0.00433382717893,0.00291704339907,-0.00420046783984,9283,439.329,490.0805,438.0645,490.0535
12,34,3307,18818,0.9404585801083208,-0.0085193199734203,29.78713160884365,-0.016295240549652,0.9556543239317156,22.86347755066516,-3.509353645379586e-05,-1.7163657944858024e-05,1.0,1.0639120130593305,0.008911567725884,-31.89463658187004,0.0172408530458048,1.0477284001770726,-24.468270315366944,3.7632351118284704e-05,1.8295590306601387e-05,1.0,15,0.0,0.0,0.0,960,523.908,448.466,0.553829,508.372,490.14,0.537863,0.0,0.0,0.0,510.845,589.123,0.6195109999999999,510.983,508.284,0.184488,513.547,516.141,0.755025,511.087,550.164,0.744043,511.033,469.256,0.904871,529.135,469.253,0.934858,0,508.372,448.466,549.987,589.126,531.891,448.4980000000001,0.6133390000000001,549.987,492.692,0.655809,0.0,0.0,0.0,523.939,589.126,0.688,544.832,508.469,0.36931,531.903,516.158,0.826317,529.161,552.714,0.768798,537.0419999999998,469.329,0.806766,0.8,508.372,448.466,549.987,516.158,1280,0.00265919533558,-0.000465874822112,-0.0905544832349,0.00372410356067,0.00772036239505,0.00163144373801,9252,438.0645,490.0535,458.7875,479.649
13,36,3308,849,0.9363996732368444,-0.0108826635306185,33.00377554305832,-0.0145933092136974,0.9537065465769092,23.571153010457373,-3.678534151132685e-05,-1.7286691998149124e-05,1.0,1.068566356252418,0.0115491471216381,-35.53895088856292,0.0153727899347718,1.0500867514649237,-25.25911560151163,3.9573323027014e-05,1.857736556494512e-05,1.0,16,0.0,0.0,0.0,960,508.44,445.67,0.466122,503.093,487.367,0.366915,0.0,0.0,0.0,505.67800000000005,570.878,0.598733,508.329,503.137,0.132141,510.829,505.786,0.800796,508.318,534.456,0.711178,505.776,464.028,0.8275,516.179,464.002,0.860075,0,503.093,445.67,537.101,570.998,526.5840000000002,445.6830000000001,0.6048899999999999,534.5219999999998,487.424,0.762206,0.0,0.0,0.0,513.612,570.998,0.759724,537.101,505.755,0.561824,529.058,505.791,0.877158,526.504,539.594,0.704547,531.682,464.011,0.8892389999999999,0.8,503.093,445.67,537.101,505.791,1280,0.00440587196499,-0.000812430866063,-0.0993732362986,0.00145569315646,0.0101598165929,0.00179373414721,9253,458.7875,479.649,473.13,471.9395
14,39,3309,16067,0.9351405724459096,-0.0147692372043771,34.63150999766762,-0.0126932506445144,0.9482968079931764,27.065603746486,-3.296265436022589e-05,-2.340335794153966e-05,1.0,1.0702984979050465,0.0157440681630374,-37.4921758409457,0.0133104578275029,1.0560326877633202,-29.04312352366529,3.5591388857615824e-05,2.523367726677321e-05,1.0,17,0.0,0.0,0.0,960,505.665,430.109,0.5003479999999999,489.974,469.341,0.461249,0.0,0.0,0.0,492.789,568.347,0.599598,492.692,490.067,0.13289,500.497,492.767,0.690301,497.9380000000001,529.32,0.7242970000000001,495.269,448.521,0.8307450000000001,508.439,448.49,0.912306,0,489.974,430.109,529.327,570.836,511.101,430.109,0.6043649999999999,529.327,471.826,0.729916,0.0,0.0,0.0,508.436,570.836,0.8225530000000001,529.2869999999998,490.186,0.4536560000000001,516.201,495.29,0.8267399999999999,511.018,531.784,0.8527450000000001,521.39,450.958,0.788514,0.8,489.974,430.109,529.327,495.29,1280,0.00509761087596,7.75830412749e-05,-0.111561477184,-0.00568633433431,0.0115226684138,0.0062567316927,9270,473.13,471.9395,479.665,486.121
15,42,3310,10601,0.939717941368428,-0.0104255400489473,31.33666483511748,-0.0101755021873155,0.9550384967254456,24.35354786592461,-3.094357436401159e-05,-1.828400161889381e-05,1.0,1.06477111205359,0.0109795092923831,-33.633765469635094,0.0104995862932019,1.048282573124546,-25.85842183818071,3.313979853926421e-05,1.950654552633659e-05,1.0,18,0.0,0.0,0.0,960,490.09,424.829,0.433666,484.859,461.408,0.360241,0.0,0.0,0.0,490.175,552.727,0.754524,490.074,482.273,0.113992,490.139,487.382,0.8413450000000001,490.169,518.802,0.8017350000000001,487.435,443.095,0.8410270000000001,500.541,440.612,0.8388450000000001,0,484.859,424.774,521.38,552.761,508.362,424.774,0.646297,521.359,463.956,0.6954600000000001,0.0,0.0,0.0,505.665,552.761,0.815315,521.38,482.254,0.487067,508.408,484.9380000000001,0.8749549999999999,508.23,523.923,0.824907,511.016,440.614,0.858899,0.8,484.859,424.774,521.38,487.382,1280,0.00497529143468,-0.00209830864333,-0.100711360574,-0.00518002500758,0.00524083524942,0.0058979652822,9266,479.665,486.121,477.111,499.202
16,45,3311,7872,0.9526625417187358,-0.009880031028997,25.04464051616404,-0.0038825925716542,0.961914094644622,21.54268482857624,-1.972738829919213e-05,-1.6838158004348666e-05,1.0,1.0501294379065704,0.0103218383762136,-26.52247437880173,0.0037732798553971,1.0401765654992656,-22.50269635416687,2.077984626839508e-05,1.7718280275906432e-05,1.0,19,0.0,0.0,0.0,960,487.52,409.345,0.594072,479.71,448.427,0.417113,0.0,0.0,0.0,490.012,549.9630000000002,0.679984,482.3080000000001,469.22,0.12049,489.98,471.845,0.8702690000000001,490.033,508.454,0.817187,484.9,427.67,0.821658,492.775,427.633,0.87715,0,479.71,409.345,513.674,550.016,500.534,409.395,0.50056,513.674,448.362,0.683936,0.0,0.0,0.0,497.9380000000001,550.016,0.75102,513.63,469.213,0.352605,508.257,469.362,0.893144,505.754,510.905,0.831247,508.33,427.633,0.888647,0.8,479.71,409.345,513.674,471.845,1280,0.00241068727337,-0.00275723030791,-0.104491211474,0.0048240320757,0.00120880454779,0.00526799540967,9254,477.111,499.202,460.1935,490.1935
17,48,3312,22099,0.9664423570139068,0.001202349924027,16.59024115065283,0.0017417973906492,0.9782550454948156,12.75069118612956,-1.3464499684525248e-05,3.505319800800953e-07,1.0,1.034720424864136,-0.0012656048777768,-17.150124035041777,-0.0020239353013953,1.0224668463756126,-13.003581431467746,1.393270228820374e-05,-3.7544806470385363e-07,1.0,20,0.0,0.0,0.0,960,487.328,406.624,0.539026,471.93,445.713,0.479733,0.0,0.0,0.0,487.4380000000001,534.503,0.684718,482.247,464.048,0.160619,487.442,466.611,0.881323,487.528,503.132,0.805233,482.23,424.921,0.819108,490.12,424.885,0.911015,0,471.93,406.624,511.036,534.503,495.278,406.644,0.461684,510.979,445.663,0.639617,0.0,0.0,0.0,490.235,534.497,0.78797,511.036,463.957,0.281982,503.106,466.528,0.8825879999999999,495.375,503.177,0.728333,503.17,424.918,0.821838,0.8,471.93,406.624,511.036,466.611,1280,8.51732474985e-05,0.000587854650803,-0.115205951035,0.00670792721212,-0.000696512463037,0.000860099797137,9256,460.1935,490.1935,456.177,488.7575
18,51,3313,276,0.9845623526489964,0.0103123563869156,8.710604254372909,0.0083425186728682,1.000737240607737,0.1865842097692282,-6.0163564968125564e-06,1.981536830621924e-05,1.0,1.0157646447626634,-0.0102920524855691,-8.846003501631321,-0.0084689634180182,0.9994037546481808,-0.1127031710223123,6.279017849050276e-06,-1.9865474141809155e-05,1.0,21,0.0,0.0,0.0,960,479.662,406.527,0.488548,469.302,445.719,0.5964619999999999,0.0,0.0,0.0,482.331,531.939,0.680619,477.034,464.042,0.274746,484.789,466.585,0.7913020000000001,484.929,500.576,0.762209,474.437,424.931,0.826843,487.569,424.847,0.917856,0,469.302,406.527,510.883,537.036,490.219,406.596,0.435789,510.835,443.198,0.763713,0.0,0.0,0.0,490.168,537.036,0.890977,510.883,466.502,0.5818220000000001,495.338,466.52,0.8756290000000001,492.716,503.1230000000001,0.8287629999999999,497.968,424.845,0.821681,0.8,469.302,406.527,510.883,466.585,1280,0.00145792448893,0.000486844917759,-0.103719629347,0.00373849202879,0.00437114667147,0.00228416430764,9261,456.177,488.7575,457.518,480.99
19,54,3314,9809,1.0098065189432248,0.0107188107101932,-0.928481608227292,0.0131620122227821,1.012397312092087,-6.390909304323921,9.156509479121707e-06,2.2128465334825115e-05,1.0,0.9905637456412348,-0.0105062818192265,0.8525755253722797,-0.0129336073043873,0.9878991454823252,6.301565224086485,-8.783905445748892e-06,-2.1764491126040908e-05,1.0,22,0.0,0.0,0.0,960,471.818,406.646,0.522558,466.765,448.375,0.612255,0.0,0.0,0.0,474.484,531.896,0.7087859999999999,469.265,466.477,0.279781,474.439,466.744,0.815951,477.108,503.143,0.738875,469.267,425.024,0.89566,484.922,424.971,0.921683,0,466.765,406.646,508.387,537.015,489.97,406.7,0.5533020000000001,508.259,445.798,0.776856,0.0,0.0,0.0,490.116,537.015,0.930589,508.387,464.052,0.651634,490.25,466.689,0.917097,490.19,505.644,0.888566,492.706,424.942,0.898135,0.8,466.765,406.646,508.387,466.744,1280,0.0033366298303,0.0005827754503119,-0.110432699323,0.000217508524656,0.00694082863629,0.000144788922626,9260,457.518,480.99,458.7665,479.656
20,56,3315,22274,1.0156904504955293,0.0327997898086285,-8.181349596323544,0.0077352273818185,1.034703763095541,-13.37942062181309,2.5462751697769097e-06,5.111468334725345e-05,1.0,0.985440575207759,-0.0316155425758997,7.639236209867038,-0.0073945044798447,0.9667133970767192,12.873568133990052,-2.131235112945084e-06,-4.9332747308084136e-05,1.0,23,0.0,0.0,0.0,960,469.185,406.747,0.618124,466.565,448.412,0.556549,0.0,0.0,0.0,471.829,531.872,0.767636,466.517,466.552,0.23972,469.316,469.167,0.915174,469.36300000000006,505.687,0.880122,466.732,427.48,0.8837860000000001,479.701,425.018,0.88264,0,466.517,406.747,505.716,537.031,484.871,406.767,0.507911,503.139,445.854,0.801717,0.0,0.0,0.0,490.126,537.031,0.918813,505.716,466.52,0.6392140000000001,490.05300000000005,466.735,0.936689,490.069,505.742,0.923752,490.095,424.977,0.919728,0.8,466.517,406.747,505.716,469.167,1280,0.00479342089966,0.0006984813371669,-0.108263030648,-0.00540971942246,0.00960311852396,0.0035317055881,9258,458.7665,479.656,476.986,486.177
21,58,3316,15104,0.9982290056363156,0.0322017759380394,-0.1492375212917408,-0.0009518648689594,1.0189266465364868,-7.1752662031533685,-9.01346005032922e-06,4.477685796335815e-05,1.0,1.0020598159052057,-0.0316653100719993,-0.0776621060602378,0.0009993964125107,0.98139401993658,7.041912490671155,8.987276287489737e-06,-4.422915464410456e-05,1.0,24,0.0,0.0,0.0,960,466.484,411.972,0.671691,461.355,450.976,0.479645,0.0,0.0,0.0,469.172,537.026,0.75352,464.037,464.006,0.230682,466.591,471.92,0.8634270000000001,466.5630000000001,508.371,0.8545440000000001,463.984,430.244,0.8023939999999999,471.848,430.184,0.843209,0,461.355,411.972,492.753,539.656,477.11800000000005,414.512,0.504883,492.753,450.978,0.792751,0.0,0.0,0.0,484.922,539.656,0.8500840000000001,490.252,466.664,0.596541,487.35,471.853,0.8701479999999999,487.369,508.413,0.818491,487.496,430.185,0.867043,0.8,461.355,411.972,492.753,471.92,1280,0.00469296984375,-0.000204537805985,-0.101218782365,-0.0047214217483999,0.00741688348353,0.00473900465295,9259,476.986,486.177,479.809,503.15
22,60,3317,8484,0.97675637799075,0.0490897366062006,10.180543631670018,-0.0110251926905662,1.0266437718035135,-11.433859940401788,-3.635081774183997e-05,7.35047065631336e-05,1.0,1.0240821358030452,-0.0481813566132174,-10.976611749210797,0.0114029414131858,0.9738911089541638,11.01924639439817,3.638805320871787e-05,-7.333701190092224e-05,1.0,25,0.0,0.0,0.0,960,445.86800000000005,427.407,0.660488,440.533,466.641,0.663094,0.0,0.0,0.0,451.073,552.653,0.861186,445.615,482.301,0.348722,448.317,487.434,0.931589,448.508,518.831,0.881208,443.237,445.776,0.881872,453.676,445.651,0.871172,0,440.533,425.0580000000001,479.691,552.7040000000002,463.98800000000006,425.0580000000001,0.566168,479.691,466.508,0.783235,0.0,0.0,0.0,469.175,552.7040000000002,0.948462,479.659,484.821,0.632451,466.663,484.939,0.929599,469.204,518.826,0.837816,469.257,443.225,0.874008,0.8,440.533,425.0580000000001,479.691,487.434,1280,0.00378344533965,-0.00297824386507,-0.110696792603,-0.000227370182984,0.00830442737788,0.00125013850629,9279,479.809,503.15,517.4945,486.096
23,64,3320,17397,0.995422328818701,0.0022788006176217,6.711153785216384,0.0117950583421693,0.9971498362341246,0.4002574292172981,1.4431498689476268e-06,1.4702223720434406e-05,1.0,1.0046199984681965,-0.0021964771837518,-6.7412801491130105,-0.0118829093582666,1.0028757101142654,-0.321660421435694,-1.2751120272966631e-06,-1.4741333208129572e-05,1.0,28,0.0,0.0,0.0,960,424.932,427.478,0.685153,419.745,471.893,0.710446,0.0,0.0,0.0,443.181,552.655,0.788829,424.752,490.087,0.676685,427.658,490.032,0.815413,432.812,516.216,0.8077840000000001,422.304,448.318,0.901466,435.387,445.75,0.88889,0,419.745,424.99300000000005,466.706,552.655,443.186,424.99300000000005,0.645325,466.636,466.591,0.8172699999999999,0.0,0.0,0.0,448.538,552.627,0.8766870000000001,466.706,487.532,0.74352,451.0,487.464,0.8659979999999999,451.003,518.7869999999998,0.731879,450.959,445.642,0.856395,0.8,419.745,424.99300000000005,466.706,490.087,1280,0.00345889432356,0.000505777599756,-0.105065912008,-0.00442978506908,0.0020896748174,0.00558728864416,9251,517.4945,486.096,503.1155,490.0635
24,67,3321,16149,1.0037012624667083,0.0133412268352447,1.3772042463915624,0.0108732407728168,1.013769265597058,-7.780301456705597,2.4685489244971327e-06,3.088869948234224e-05,1.0,0.9966906640744384,-0.0130715499233084,-1.4743472138118596,-0.0107064076906934,0.9865550584889082,7.690440668816749,-2.129672657164021e-06,-3.0441134963943764e-05,1.0,29,0.0,0.0,0.0,960,424.976,427.677,0.626238,414.486,471.967,0.707994,0.0,0.0,0.0,440.559,555.328,0.785149,414.504,490.15,0.605492,427.503,492.675,0.853994,430.241,523.9590000000002,0.812558,422.255,448.519,0.8986559999999999,432.798,448.371,0.914375,0,414.486,427.598,466.685,555.328,443.101,427.598,0.685118,466.535,469.282,0.842306,0.0,0.0,0.0,448.292,552.734,0.879043,466.685,490.03,0.692507,448.409,490.088,0.879526,448.39,526.485,0.776493,448.44,448.289,0.919255,0.8,414.486,427.598,466.685,492.675,1280,0.00267932447605,-0.000363730621757,-0.106055483222,-0.0059318034909699,-0.000514446408488,0.00814425013959,9282,503.1155,490.0635,499.143,510.9845
25,69,3322,15484,1.0264223696797528,0.0097600283052604,-9.421531521305075,0.0162434673605779,1.0181052999462663,-5.347035077081085,2.379757573438226e-05,1.827273273088202e-05,1.0,0.974499137425563,-0.0095058707255892,9.130446116531628,-0.0156680410806891,0.9825802920976644,5.106274344975973,-2.290441909889111e-05,-1.772821038561915e-05,1.0,30,0.0,0.0,0.0,960,427.659,427.585,0.5603670000000001,417.143,469.3080000000001,0.7360899999999999,0.0,0.0,0.0,443.174,555.264,0.794864,417.144,487.47,0.5740970000000001,427.647,490.097,0.826258,435.403,526.492,0.809192,425.017,448.372,0.931415,443.093,448.292,0.943742,0,417.143,427.535,466.599,555.264,445.815,427.535,0.630529,466.5580000000001,469.176,0.824141,0.0,0.0,0.0,448.387,552.773,0.8770690000000001,466.599,487.432,0.686948,448.482,490.01,0.872611,448.456,523.99,0.800385,451.059,445.877,0.90321,0.8,417.143,427.535,466.599,490.097,1280,0.00319777522236,-0.00149796600454,-0.114539265633,0.000753346714191,-0.00524034863338,0.00329447071999,9263,499.143,510.9845,478.3855,520.097
26,71,3323,9748,1.0285589759463467,0.007660339291512,-14.616759138264111,0.0141844712066453,1.0159777389353264,1.3108593714696657,3.27157921469104e-05,1.017081379712024e-05,1.0,0.9723223359208504,-0.0074735577346976,14.221998172104144,-0.0135341152372572,0.9848335465493234,-1.4888031864043876,-3.1672642475798024e-05,-9.772055261664411e-06,1.0,31,0.0,0.0,0.0,960,437.943,424.98800000000006,0.531017,427.476,466.66,0.772744,0.0,0.0,0.0,448.358,550.072,0.8354540000000001,427.61300000000006,487.36300000000006,0.666098,443.084,484.916,0.7855479999999999,445.701,513.555,0.8442790000000001,430.153,445.727,0.911391,445.846,443.213,0.935546,0,427.476,424.953,469.266,550.118,450.98800000000006,424.953,0.547713,469.237,463.983,0.8251629999999999,0.0,0.0,0.0,453.63,550.118,0.826925,469.266,482.2480000000001,0.717043,458.854,482.299,0.843368,456.263,513.568,0.759232,463.943,443.199,0.855618,0.8,427.476,424.953,469.266,487.36300000000006,1280,5.95384808548e-05,-0.0029578814283,-0.0913557186723,0.00400374690071,-0.00478975567967,0.000184532400453,9257,478.3855,520.097,462.7585,510.871
27,72,3324,5577,1.0653419533031694,0.0091987656698617,-29.56942628629363,0.0303034325674586,1.0329924951215974,-10.252750831652603,5.907406010524553e-05,1.255895916437634e-05,1.0,0.9390206064593164,-0.0086984429708816,27.67711763560571,-0.0280937842535928,0.9698941982448164,9.113366465079928,-5.511893105682809e-05,-1.1667009286638268e-05,1.0,32,0.0,0.0,0.0,960,445.883,422.283,0.6675979999999999,437.954,461.448,0.744591,0.0,0.0,0.0,461.379,547.455,0.8190109999999999,440.545,477.095,0.603308,448.39,482.242,0.8569829999999999,453.591,510.872,0.8441129999999999,445.666,443.079,0.917325,456.252,437.964,0.865942,0,437.954,422.226,484.84,547.455,463.949,422.226,0.51097,484.8130000000001,458.796,0.772494,0.0,0.0,0.0,466.59,547.413,0.823478,484.84,477.03,0.60254,469.185,477.056,0.893445,466.774,510.878,0.8362379999999999,469.278,435.35,0.87813,0.8,437.954,422.226,484.84,482.242,1280,-0.00214397045784,0.00197768560611,-0.0902961865067,0.00362493144348,0.000557550461963,-0.00205486104824,9277,462.7585,510.871,474.395,509.645
28,73,3325,3036,1.0280019971533525,0.0195602646154968,-13.962997646381089,0.0205126355546548,1.0272620102262855,-8.792201879051037,2.9045942710207416e-05,2.9631837542136883e-05,1.0,0.9733772929029412,-0.0189214842768423,13.424903340231277,-0.0196736439705856,0.9742156827495984,8.290797912014982,-2.7689694863077385e-05,-2.831820849394082e-05,1.0,33,0.0,0.0,0.0,960,453.644,417.054,0.5747939999999999,445.674,453.625,0.705815,0.0,0.0,0.0,466.606,537.021,0.7867430000000001,445.718,469.3130000000001,0.4770430000000001,451.088,471.955,0.743045,463.908,508.297,0.8477620000000001,448.38,437.903,0.8833989999999999,466.504,432.811,0.8937069999999999,0,445.674,417.054,490.059,537.0740000000002,469.261,417.095,0.600424,487.566,456.209,0.8835700000000001,0.0,0.0,0.0,469.359,537.0740000000002,0.823199,490.059,471.895,0.779519,471.926,471.924,0.849182,469.396,508.245,0.804874,477.077,432.81,0.799197,0.8,445.674,417.054,490.059,471.955,1280,-7.23582488718e-05,0.000438650691649,-0.0991563424468,0.00206802785397,0.00525007909164,0.00264910631813,9280,474.395,509.645,479.6935,508.2255
29,74,3326,17235,1.047142247170774,0.0237219947682479,-20.94416412107168,0.0196681843785564,1.0368370618132283,-12.0979888651726,3.674349555572571e-05,3.4888871185212825e-05,1.0,0.955779585099853,-0.0225318850794113,19.745413999099046,-0.0185327982847432,0.9655954511547152,11.293609047432678,-3.4472094525311865e-05,-3.286063509308684e-05,1.0,34,0.0,0.0,0.0,960,458.84,417.078,0.6041569999999999,445.897,456.205,0.790359,0.0,0.0,0.0,466.758,534.384,0.806721,445.785,471.822,0.758099,463.995,471.921,0.788504,466.561,505.643,0.873872,451.006,432.754,0.8930450000000001,466.741,430.228,0.924556,0,445.785,417.078,492.796,534.438,471.92800000000005,417.109,0.613323,492.796,453.571,0.89444,0.0,0.0,0.0,474.53,534.438,0.851366,492.695,471.8080000000001,0.743133,482.265,469.342,0.8803200000000001,479.686,505.702,0.761017,484.942,432.7,0.902992,0.8,445.785,417.078,492.796,471.921,1280,0.00314273824915,9.07257199287e-05,-0.0962716639042,-0.00555190211162,0.00618968345225,0.00472262920812,9281,479.6935,508.2255,481.0355,512.283
30,75,3327,17833,1.0556344868344236,0.0575454027873196,-35.39802216155972,0.0074209952429186,1.0767550531735697,-20.297494385594447,2.531133022394209e-05,8.547346197502276e-05,1.0,0.9491805047125408,-0.0533086162874064,32.51708120133751,-0.0069833861140651,0.929853924897778,18.6265067636072,-2.342812700942969e-05,-7.812852210144391e-05,1.0,35,0.0,0.0,0.0,960,466.511,422.261,0.6259100000000001,453.5630000000001,461.456,0.7492850000000001,0.0,0.0,0.0,474.422,542.221,0.817469,456.171,477.047,0.59737,466.758,479.65,0.859468,469.391,508.291,0.913736,461.402,440.614,0.8813409999999999,471.848,437.947,0.902449,0,453.5630000000001,422.21,503.133,542.221,479.659,422.21,0.575504,503.133,456.231,0.780227,0.0,0.0,0.0,487.331,542.205,0.820945,497.984,471.888,0.648256,487.518,471.943,0.9005610000000001,487.492,508.297,0.8318,487.601,435.349,0.905372,0.8,453.5630000000001,422.21,503.133,479.65,1280,0.00303038256243,-0.000859262479935,-0.0895488336682,-0.00529690692201,0.005340882577,0.0054041976109099,9276,481.0355,512.283,482.3865,529.2185
32,1,3371,9983,0.9947793329327436,0.0002879807488854,2.4191225232090843,-0.0018616543867146,0.9969297465085792,1.6650356060478997,-3.611886007928994e-06,-3.095916040953116e-07,1.0,1.0052480418209662,-0.0002911386738436,-2.431333423122679,0.0018711228034786,1.0030879772160752,-1.6747036733809149,3.631420620661357e-06,3.094960562126232e-07,1.0,3,821.1289999999998,495.297,0.846809,960,821.3380000000002,497.909,0.317996,842.1389999999999,529.2130000000002,0.8320709999999999,821.31,490.245,0.8337450000000001,800.3689999999998,646.552,0.8703360000000001,844.5880000000002,510.882,0.7093189999999999,818.625,570.775,0.789406,813.3439999999998,609.94,0.7535930000000001,826.363,513.58,0.834641,815.8939999999999,513.553,0.855349,1,782.1669999999998,490.217,844.5880000000002,646.552,805.529,492.739,0.784208,782.1669999999998,537.072,1.07545,818.5319999999998,490.217,0.874393,0.0,0.0,0.0,810.7260000000001,529.168,0.8595229999999999,795.11,568.248,0.926895,0.0,0.0,0.0,795.091,516.203,1.00771,0.8,782.1669999999998,490.217,844.5880000000002,570.775,1280,-0.00234479014762,-0.00170866004191,-0.0196738578379,0.000402415229473,-0.00112220284063,-0.0033934393432,1022,814.663,569.5830000000001,822.4680000000001,570.8330000000002
33,4,3372,22360,0.9931222710139058,0.0018069172911618,3.2146928875186265,-0.0031131430750906,0.9985550649654106,1.0911783910469792,-6.163234097551385e-06,2.704497107700836e-06,1.0,1.0069166723289928,-0.0018132863160367,-3.234949246015096,0.0031324393773742,1.0014613242438086,-1.1028427870711643,6.197391495054868e-06,-2.719624962943251e-06,1.0,4,821.1010000000001,495.272,0.796521,960,821.069,497.893,0.250265,841.9739999999998,531.743,0.695062,821.2289999999998,490.246,0.753333,805.572,651.68,0.7860189999999999,834.232,518.814,0.536499,821.235,568.309,0.8671139999999999,818.4830000000002,612.6,0.8102189999999999,826.3789999999998,511.098,0.838313,815.9839999999998,511.086,0.823693,1,784.665,490.246,841.9739999999998,654.231,805.523,492.746,0.744731,784.665,539.644,1.08634,818.541,490.25,0.8153100000000001,795.1060000000001,654.231,0.888415,813.346,529.203,0.901091,800.3739999999998,568.2280000000002,0.916794,802.9169999999998,610.0319999999998,0.961932,797.675,513.659,1.0163799999999998,0.8,784.665,490.246,841.9739999999998,568.309,1280,-0.00150492391549,-0.00173971976619,-0.0261225327849,0.0008130177157,-0.00152803608216,-0.00321566686034,1024,822.4680000000001,570.8330000000002,830.2905,568.238
34,7,3373,3013,0.9932686072044647,-0.0016867435432047,3.497950596388371,-0.0024096951510221,0.994708352695336,2.8502872924525744,-3.8546254950442526e-06,-2.859574036133546e-06,1.0,1.0067894028026114,0.0016970915413816,-3.5265367904254155,0.0024278215453409,1.0053375804890092,-2.8739933301152902,3.8877386356387456e-06,2.881378895038525e-06,1.0,5,815.9739999999998,492.712,0.744858,960,821.205,492.694,0.50512,844.568,529.288,0.8092050000000001,818.617,490.161,0.740768,815.961,654.273,0.735687,831.576,518.739,0.6605989999999999,821.298,568.3580000000002,0.893292,818.5360000000002,612.732,0.8294370000000001,826.431,511.024,0.8771540000000001,818.4789999999998,511.005,0.8695139999999999,1,789.863,490.124,844.568,654.2919999999998,803.049,490.201,0.540239,789.863,537.076,0.97503,810.805,490.124,0.715344,800.368,654.2919999999998,0.7661439999999999,813.3739999999998,526.567,0.9056,800.428,568.281,0.923201,805.575,612.597,0.928137,797.7189999999998,513.5840000000002,0.995682,0.8,789.863,490.124,844.568,568.3580000000002,1280,-0.00158162601292,-0.00135044509079,-0.0397171378136,0.0024338781368,-0.00111344887409,-0.00246314727701,1038,830.2905,568.238,831.595,565.6505
35,11,3374,16941,0.9929864515065258,-0.0023221893809856,3.59752037536066,-0.0017895860987796,0.994130622222188,2.9506919280329003,-3.919006901415607e-06,-3.137850190611988e-06,1.0,1.0070767046747864,0.0023409728435175,-3.6298864542917233,0.0018011598666545,1.005922547631651,-2.9746472508425734,3.95239232570628e-06,3.1656085465566435e-06,1.0,6,821.1339999999999,492.78,0.762573,960,821.3,492.782,0.3809010000000001,847.297,531.7959999999998,0.818858,821.2739999999999,490.196,0.7068399999999999,810.707,651.731,0.650752,839.4689999999998,513.575,0.765672,823.814,570.813,0.886257,818.512,612.722,0.825356,834.209,511.0,0.884251,821.068,510.978,0.928363,1,784.692,490.196,847.297,656.8860000000002,813.347,490.22,0.626624,784.692,537.04,1.03484,818.6030000000002,490.198,0.748152,818.586,656.8860000000002,0.8353799999999999,810.783,529.122,0.845931,805.512,568.3530000000002,0.8841680000000001,810.7339999999998,612.597,0.920378,800.315,513.533,0.969024,0.8,784.692,490.196,847.297,570.813,1280,-0.00161724176724,0.000251089775702,-0.0680942833424,0.0069779041223199,-0.00207077246159,-0.000619256461505,1031,831.595,565.6505,822.505,544.8195000000002
36,15,3375,18026,0.99628277480347,-0.0026039215684772,2.2344105725324046,0.000141950580358,0.9955048885897476,1.6887567471914466,-1.4052964997539409e-06,-3.2010285710499893e-06,1.0,1.0037361708683972,0.0026182261946124,-2.2471802593733643,-0.000145516328103,1.0045182002652662,-1.696061745152588,1.4100811256739696e-06,3.2191708432956846e-06,1.0,7,821.1239999999998,492.818,0.8248139999999999,960,823.8969999999998,492.794,0.463113,844.7769999999998,534.432,0.734653,823.671,490.233,0.821744,813.331,651.695,0.607996,841.9689999999998,524.034,0.6216729999999999,823.913,570.915,0.902719,821.067,612.747,0.840685,836.819,513.601,0.843786,821.1419999999998,513.539,0.888985,1,792.4780000000002,490.233,844.7769999999998,657.015,810.783,492.6880000000001,0.620891,792.4780000000002,537.077,0.978188,818.5419999999998,490.233,0.821902,821.196,657.015,0.8558520000000001,815.9830000000002,529.181,0.883856,808.15,570.903,0.8960889999999999,815.955,612.656,0.920118,800.443,513.625,0.964054,0.8,792.4780000000002,490.233,844.7769999999998,570.915,1280,-0.00121518282685,0.00202724407427,-0.0731042921543,0.00457650143653,-0.00600652210414,-0.00303097232245,1034,822.505,544.8195000000002,812.1110000000001,531.7635
37,19,3376,12495,0.9993895681126308,-0.0030741802072878,0.8644844224078383,0.0011129371345339,0.9975811972742836,0.9562180362438196,1.0592673497232636e-06,-3.705538754814252e-06,1.0,1.0006109249495003,0.003080292669014,-0.8679579889169625,-0.0011152972785125,1.0024203089512271,-0.9575682221926376,-1.0640472598640675e-06,3.711244449979768e-06,1.0,8,828.9630000000002,490.137,0.782449,960,821.154,500.49300000000005,0.107355,849.827,531.778,0.728377,829.055,487.602,0.559636,800.324,641.345,0.603065,847.2,518.7719999999998,0.732287,829.0210000000002,570.835,0.866007,821.194,612.688,0.851834,836.817,510.978,0.922847,821.171,510.979,0.97634,1,795.0939999999998,487.602,849.827,657.084,818.5160000000002,490.143,0.815465,795.0939999999998,539.606,0.979218,823.845,489.992,0.8255549999999999,823.837,657.084,0.895631,815.9960000000002,531.756,0.743995,815.915,570.831,0.906079,821.132,612.633,1.0077,802.982,513.528,1.00062,0.8,795.0939999999998,487.602,849.827,570.835,1280,-0.00184561870992,0.00137791153975,-0.076331011951,0.00676195230335,-0.00715344725177,-0.00474588247016,1037,812.1110000000001,531.7635,809.375,512.372
38,21,3377,1055,0.9955378188968484,-0.0066697487096134,3.2181997834956544,0.0009074702302168,0.9916479081016842,3.834411820566873,1.974641652192948e-07,-8.852039427982378e-06,1.0,1.0045104044812154,0.0067271734869748,-3.2585099197580405,-0.0009184424556718,1.008415610632373,-3.863725006140936,-2.0648489730492e-07,8.9252063694138e-06,1.0,9,839.429,490.253,0.806094,960,828.992,500.556,0.113229,857.671,529.299,0.83247,841.895,490.101,0.61222,813.33,646.4680000000002,0.629347,855.069,516.219,0.703859,839.33,568.266,0.897027,823.87,612.565,0.8647610000000001,842.054,510.975,0.996245,823.885,510.894,0.991431,1,800.295,490.067,857.671,656.857,823.796,490.157,0.98371,800.295,534.443,0.984481,836.75,490.067,0.84765,823.7560000000002,656.857,0.888891,823.7339999999998,531.857,0.769235,818.6189999999998,568.21,0.918596,821.252,612.5219999999998,0.996437,810.78,511.005,0.932527,0.8,800.295,490.067,857.671,568.266,1280,-0.000771817576606,0.00362893263809,-0.0885753333568999,0.00773324072361,-0.00320587307215,-0.00252657895908,1020,809.375,512.372,812.025,499.2355
39,24,3378,11886,0.9993162705151508,-0.0020961223542119,0.8493403238094868,0.001070861465256,0.9974822170399534,0.9671088418054482,8.565913614303181e-07,-2.058263568818552e-06,1.0,1.00068394084316,0.0021010925286189,-0.8519532075085616,-0.0010734655038327,1.0025211507797225,-0.9686353314774192,-8.593866941872214e-07,2.061652983910373e-06,1.0,10,847.2460000000002,490.193,0.843443,960,0.0,0.0,0.0,860.203,531.851,0.693133,847.314,490.008,0.469329,821.263,649.144,0.7856489999999999,860.303,526.5419999999998,0.570181,839.4730000000002,568.36,0.935319,834.215,612.5509999999998,0.867966,844.66,511.015,0.948307,831.573,510.914,0.8963620000000001,1,800.355,489.987,860.303,651.702,829.0369999999998,490.01,0.906526,800.355,531.955,0.946924,844.628,489.987,0.930364,818.592,651.702,0.7476119999999999,823.76,534.409,0.80833,821.1080000000002,568.2719999999998,0.919254,821.19,612.518,0.9629,818.572,508.458,0.902955,0.8,800.355,489.987,860.303,568.36,1280,-0.000262809102423,0.00465402891859,-0.0926309153438,0.00256991619244,-0.0021910672076,0.000705676036887,1029,812.025,499.2355,828.9630000000001,491.391
40,26,3379,321,0.9990566015339404,-0.0001876467265,0.2812593329306902,-0.0002708127277823,0.9984291166907552,1.7107928103114949,6.222721238461679e-07,-1.6803705777744e-06,1.0,1.0009472223083484,0.0001876456320357,-0.2818467708434465,0.0002725622145887,1.0015732304306886,-1.7135609422879374,-6.224035483577302e-07,1.6828974212562108e-06,1.0,11,842.155,490.067,0.8394889999999999,960,839.5,490.07,0.126638,862.898,529.315,0.753678,844.6439999999999,487.485,0.726271,823.815,649.062,0.769898,862.878,523.93,0.7013510000000001,842.051,568.264,0.941633,842.0189999999999,612.499,0.954932,847.317,508.435,0.9402,836.7769999999998,508.402,0.941353,1,808.123,487.485,862.898,651.693,829.02,487.507,0.806353,808.123,531.895,0.930707,841.9760000000001,487.512,0.855648,821.212,651.693,0.8062020000000001,828.987,531.832,0.84495,821.2710000000002,565.706,0.917182,823.689,612.495,0.949553,821.1080000000002,508.349,0.954465,0.8,808.123,487.485,862.898,568.264,1280,-0.00165721960366,0.00305526610464,-0.0865689814091,-0.00503359921277,-0.00178118154872,0.00126385421026,1035,828.9630000000001,491.391,832.8315,499.206
41,28,3380,3140,0.976317019780186,-0.0040156540485995,10.330347281980432,-0.0085802013722974,0.9789349884444024,12.903639866571083,-1.1536472794353233e-05,-1.4657004771779757e-05,1.0,1.0244922876005205,0.0040432935505113,-10.635534322474582,0.0088220088826725,1.0216798199003734,-13.274522870420348,1.1948331630218127e-05,1.502141134155591e-05,1.0,12,847.2280000000002,487.387,0.817271,960,0.0,0.0,0.0,862.913,529.1669999999998,0.738496,847.317,484.82,0.553825,823.84,646.457,0.709004,860.289,513.6030000000002,0.580175,842.055,568.1990000000002,0.8978430000000001,842.125,610.0740000000002,0.895285,849.8510000000001,508.273,0.8889739999999999,836.794,505.77,0.8678680000000001,1,802.9110000000002,482.318,862.913,654.238,834.16,484.789,0.801971,802.9110000000002,531.726,0.968787,844.62,482.318,0.8625729999999999,821.2389999999998,654.238,0.8259559999999999,831.6030000000002,529.0980000000002,0.956169,821.1389999999999,563.102,0.846844,821.2489999999998,612.528,0.927224,821.048,503.151,0.8550610000000001,0.8,802.9110000000002,482.318,862.913,568.1990000000002,1280,-2.07765388041e-05,-0.000224811199587,-0.0849195495247999,-0.00395116396248,-0.00575929228216,0.0012665418908,1025,832.8315,499.206,830.284,510.9945
42,31,3381,16978,0.9483025431603064,-0.0193130400722517,26.266807789498134,-0.0155429610538357,0.9476278034457548,29.45112982200698,-2.368701762481961e-05,-3.852877718161056e-05,1.0,1.0561312819980793,0.0203720857026599,-28.34117832549389,0.0165253579471231,1.0563118444298,-31.543645663675427,2.5653302125002902e-05,4.118095764142509e-05,1.0,13,841.971,474.514,0.8402879999999999,960,844.543,479.681,0.133562,865.6089999999998,513.651,0.7545149999999999,842.155,469.397,0.8209790000000001,821.188,633.545,0.849908,860.23,505.694,0.81367,841.9060000000002,552.586,0.909866,842.02,594.395,0.961409,844.7860000000002,492.759,0.904335,828.9760000000001,492.774,0.858585,1,802.967,469.385,865.6089999999998,633.558,823.878,471.809,0.8599760000000001,802.967,521.403,0.844659,839.34,469.385,0.8668100000000001,813.31,633.558,0.789104,826.4789999999998,513.554,0.801768,818.5260000000002,550.124,0.917987,815.967,594.3380000000002,0.887501,813.38,492.771,0.8530059999999999,0.8,802.967,469.385,865.6089999999998,552.586,1280,-6.59406141494e-05,-0.00369961559772,-0.0912356898188999,0.00291051436216,-0.00411507114768,-0.000948344473727,1021,830.284,510.9945,835.4939999999999,510.9945
43,33,3382,4927,0.9465897005156794,-0.017645129197828,26.910437953000216,-0.0153594134350907,0.9451394139193604,30.27927428032228,-2.447232612849693e-05,-3.6188887551121614e-05,1.0,1.0579692020923002,0.0186398591660826,-29.03481597732639,0.0163445905251765,1.059101903015745,-32.508677101419984,2.6482459896093188e-05,3.878388038591732e-05,1.0,14,842.132,469.145,0.835147,960,0.0,0.0,0.0,865.577,508.406,0.79891,844.612,466.61300000000006,0.617887,823.71,630.9,0.857927,860.194,497.876,0.780593,836.788,547.374,0.861391,841.914,591.712,0.974238,844.648,487.501,0.966711,826.3889999999999,487.422,0.951937,1,800.3,466.565,865.577,630.9,826.42,466.627,0.900558,800.3,510.86800000000005,0.920779,841.952,466.565,0.8861629999999999,805.5889999999998,628.313,0.8316889999999999,823.883,508.272,0.947982,808.222,542.265,0.853611,808.1619999999998,591.731,0.922519,810.758,487.354,0.8569479999999999,0.8,800.3,466.565,865.577,547.374,1280,-0.0013695722445799,0.000170519415406,-0.0868641659616999,0.00433382717893,0.00291704339907,-0.00420046783984,1032,835.4939999999999,510.9945,855.1155,512.2965
44,35,3383,18817,0.9404585801083208,-0.0085193199734203,29.78713160884365,-0.016295240549652,0.9556543239317156,22.86347755066516,-3.509353645379586e-05,-1.7163657944858024e-05,1.0,1.0639120130593305,0.008911567725884,-31.89463658187004,0.0172408530458048,1.0477284001770726,-24.468270315366944,3.7632351118284704e-05,1.8295590306601387e-05,1.0,15,841.9639999999998,464.049,0.843058,960,0.0,0.0,0.0,860.304,503.15,0.823209,842.1260000000002,458.811,0.535694,823.7410000000001,633.3580000000002,0.973177,847.2,487.525,0.774402,826.459,539.675,0.819046,831.623,591.614,0.914064,842.082,484.805,0.911268,823.7660000000002,484.792,0.93697,1,797.7,458.811,860.304,633.3580000000002,823.686,461.376,0.90631,797.7,508.256,0.8876219999999999,839.3560000000001,458.819,0.833515,800.409,625.618,0.847233,821.18,497.891,0.850966,803.0319999999998,537.001,0.865288,802.862,589.196,0.928702,805.512,482.293,0.904267,0.8,797.7,458.811,860.304,539.675,1280,0.00265919533558,-0.000465874822112,-0.0905544832349,0.00372410356067,0.00772036239505,0.00163144373801,1027,855.1155,512.2965,900.7185,508.3495
45,37,3384,848,0.9363996732368444,-0.0108826635306185,33.00377554305832,-0.0145933092136974,0.9537065465769092,23.571153010457373,-3.678534151132685e-05,-1.7286691998149124e-05,1.0,1.068566356252418,0.0115491471216381,-35.53895088856292,0.0153727899347718,1.0500867514649237,-25.25911560151163,3.9573323027014e-05,1.857736556494512e-05,1.0,16,831.5930000000002,458.822,0.7454069999999999,960,0.0,0.0,0.0,852.467,490.22,0.764616,836.789,451.071,0.46392,823.763,628.271,0.950271,842.113,487.407,0.740853,823.779,531.807,0.957313,823.918,581.2909999999998,0.934599,836.821,469.347,0.8719469999999999,821.047,469.323,0.8994129999999999,1,787.2860000000002,451.009,852.467,628.271,821.058,451.009,0.904793,787.297,495.282,0.8434520000000001,826.4730000000002,451.021,0.8456,787.2860000000002,612.697,0.8221940000000001,815.9760000000001,492.67,0.896603,800.443,531.72,0.909983,800.172,576.115,0.818685,800.363,469.314,0.920393,0.8,787.297,451.009,852.467,531.807,1280,0.00440587196499,-0.000812430866063,-0.0993732362986,0.00145569315646,0.0101598165929,0.00179373414721,1026,900.7185,508.3495,947.5905,507.012
46,40,3385,16068,0.9351405724459096,-0.0147692372043771,34.63150999766762,-0.0126932506445144,0.9482968079931764,27.065603746486,-3.296265436022589e-05,-2.340335794153966e-05,1.0,1.0702984979050465,0.0157440681630374,-37.4921758409457,0.0133104578275029,1.0560326877633202,-29.04312352366529,3.5591388857615824e-05,2.523367726677321e-05,1.0,17,829.084,445.86300000000006,0.813789,960,0.0,0.0,0.0,847.225,487.521,0.845417,831.6339999999999,445.828,0.386239,823.798,615.3240000000002,0.975077,842.0930000000002,466.672,0.747103,821.183,526.611,0.942796,821.24,571.039,0.93678,828.9910000000001,466.494,0.8964209999999999,815.933,464.025,0.894234,1,782.072,445.625,847.225,615.3240000000002,816.0,445.649,0.881926,782.154,489.986,0.952129,826.3860000000002,445.625,0.887076,782.072,609.9630000000002,0.869499,805.544,487.441,0.944676,800.188,521.424,0.8387629999999999,789.865,570.832,0.8667729999999999,800.2080000000002,461.381,0.850699,0.8,782.154,445.625,847.225,526.611,1280,0.00509761087596,7.75830412749e-05,-0.111561477184,-0.00568633433431,0.0115226684138,0.0062567316927,1023,947.5905,507.012,1003.625,526.528
47,43,3386,10600,0.939717941368428,-0.0104255400489473,31.33666483511748,-0.0101755021873155,0.9550384967254456,24.35354786592461,-3.094357436401159e-05,-1.828400161889381e-05,1.0,1.06477111205359,0.0109795092923831,-33.633765469635094,0.0104995862932019,1.048282573124546,-25.85842183818071,3.313979853926421e-05,1.950654552633659e-05,1.0,18,826.4889999999998,440.521,0.778278,960,0.0,0.0,0.0,847.2310000000001,477.03,0.759659,831.568,432.814,0.387942,821.16,612.582,0.959316,841.985,464.013,0.747306,818.6110000000001,513.659,0.842399,821.063,565.682,0.8915049999999999,826.4060000000002,453.651,0.8704049999999999,810.7860000000002,453.619,0.845673,1,779.449,430.213,847.2310000000001,612.582,815.988,432.731,0.856384,784.6489999999999,482.267,0.839519,823.8969999999998,430.213,0.8838940000000001,779.449,594.39,0.836736,813.3639999999998,474.524,0.8672209999999999,797.6110000000001,511.085,0.870461,784.648,557.904,0.826042,797.69,451.026,0.8820870000000001,0.8,784.6489999999999,430.213,847.2310000000001,513.659,1280,0.00497529143468,-0.00209830864333,-0.100711360574,-0.00518002500758,0.00524083524942,0.0058979652822,1018,1003.625,526.528,1045.295,560.4649999999998
48,46,3387,7873,0.9526625417187358,-0.009880031028997,25.04464051616404,-0.0038825925716542,0.961914094644622,21.54268482857624,-1.972738829919213e-05,-1.6838158004348666e-05,1.0,1.0501294379065704,0.0103218383762136,-26.52247437880173,0.0037732798553971,1.0401765654992656,-22.50269635416687,2.077984626839508e-05,1.7718280275906432e-05,1.0,19,829.075,427.486,0.801044,960,0.0,0.0,0.0,849.8889999999999,466.576,0.816657,834.247,427.447,0.413162,818.562,596.956,0.928534,842.087,445.768,0.725123,821.115,508.345,0.970098,821.076,552.696,0.955879,829.043,445.718,0.886186,815.98,445.64,0.896399,1,779.3839999999999,424.8080000000001,849.8889999999999,596.956,818.557,424.8080000000001,0.91163,784.674,469.187,0.95594,826.414,424.857,0.893732,779.3839999999999,584.005,0.817926,813.315,466.587,0.987055,797.635,505.712,0.858981,784.6389999999999,550.087,0.8782709999999999,800.238,440.586,0.887576,0.8,784.674,424.8080000000001,849.8889999999999,508.345,1280,0.00241068727337,-0.00275723030791,-0.104491211474,0.0048240320757,0.00120880454779,0.00526799540967,1036,1045.295,560.4649999999998,1071.4250000000004,569.6030000000002
49,49,3388,22098,0.9664423570139068,0.001202349924027,16.59024115065283,0.0017417973906492,0.9782550454948156,12.75069118612956,-1.3464499684525248e-05,3.505319800800953e-07,1.0,1.034720424864136,-0.0012656048777768,-17.150124035041777,-0.0020239353013953,1.0224668463756126,-13.003581431467746,1.393270228820374e-05,-3.7544806470385363e-07,1.0,20,841.9119999999998,422.372,0.836176,960,0.0,0.0,0.0,860.2230000000002,451.007,0.766285,842.079,419.711,0.337947,818.4939999999998,591.826,0.969381,857.622,445.676,0.692412,823.7310000000001,503.11,0.866253,823.682,549.927,0.928068,839.324,435.384,0.831986,821.0930000000002,435.315,0.8994409999999999,1,779.4119999999998,411.96,860.2230000000002,591.826,821.2669999999998,411.96,0.977544,789.8960000000002,464.061,0.867347,839.321,414.5,0.8553299999999999,779.4119999999998,573.564,0.818052,821.227,451.101,0.897782,800.319,495.361,0.85254,787.27,544.852,0.74436,800.443,430.216,0.919244,0.8,789.8960000000002,411.96,860.2230000000002,503.11,1280,8.51732474985e-05,0.000587854650803,-0.115205951035,0.00670792721212,-0.000696512463037,0.000860099797137,1030,1071.4250000000004,569.6030000000002,1123.595,573.5375
51,38,3446,851,0.9363996732368444,-0.0108826635306185,33.00377554305832,-0.0145933092136974,0.9537065465769092,23.571153010457373,-3.678534151132685e-05,-1.7286691998149124e-05,1.0,1.068566356252418,0.0115491471216381,-35.53895088856292,0.0153727899347718,1.0500867514649237,-25.25911560151163,3.9573323027014e-05,1.857736556494512e-05,1.0,16,714.3380000000002,458.798,0.879868,960,719.403,458.767,0.687562,722.13,495.295,0.755391,716.8380000000002,453.608,0.869133,698.6310000000002,573.557,0.7942739999999999,719.493,508.271,0.499017,711.6560000000002,510.956,0.932647,696.063,547.442,0.7715,719.449,471.908,0.908919,711.675,469.367,0.96663,7,659.6080000000002,451.11,722.13,576.178,698.7610000000002,453.616,0.626617,672.586,490.157,0.652253,714.191,451.11,0.799441,685.625,576.178,0.853952,659.6080000000002,508.371,0.45972,693.446,510.911,0.8908469999999999,688.243,544.88,0.8878450000000001,696.034,469.379,1.0154,0.8,659.6080000000002,451.11,722.13,510.956,1280,0.00440587196499,-0.000812430866063,-0.0993732362986,0.00145569315646,0.0101598165929,0.00179373414721,5042,728.6030000000002,480.924,748.1085,474.4695
52,41,3447,16070,0.9351405724459096,-0.0147692372043771,34.63150999766762,-0.0126932506445144,0.9482968079931764,27.065603746486,-3.296265436022589e-05,-2.340335794153966e-05,1.0,1.0702984979050465,0.0157440681630374,-37.4921758409457,0.0133104578275029,1.0560326877633202,-29.04312352366529,3.5591388857615824e-05,2.523367726677321e-05,1.0,17,711.6560000000002,448.318,0.936976,960,716.98,448.337,0.6629550000000001,724.738,487.377,0.8493229999999999,714.3439999999998,445.811,0.8913989999999999,711.673,557.893,0.8269489999999999,724.7460000000002,495.323,0.641972,709.07,505.665,0.913312,711.6569999999998,529.2669999999998,0.8712110000000001,716.9110000000002,466.566,0.987937,703.868,466.513,1.00763,7,656.909,445.799,724.7460000000002,570.914,696.054,448.297,0.850326,677.813,477.128,0.7547020000000001,706.48,445.799,0.903705,677.8,570.914,0.934211,656.909,492.696,0.564631,690.847,503.099,0.959539,683.028,531.868,0.973149,690.799,464.0580000000001,1.07014,0.8,656.909,445.799,724.7460000000002,505.665,1280,0.00509761087596,7.75830412749e-05,-0.111561477184,-0.00568633433431,0.0115226684138,0.0062567316927,5039,748.1085,474.4695,769.078,490.143
53,44,3448,10602,0.939717941368428,-0.0104255400489473,31.33666483511748,-0.0101755021873155,0.9550384967254456,24.35354786592461,-3.094357436401159e-05,-1.828400161889381e-05,1.0,1.06477111205359,0.0109795092923831,-33.633765469635094,0.0104995862932019,1.048282573124546,-25.85842183818071,3.313979853926421e-05,1.950654552633659e-05,1.0,18,701.2339999999998,440.617,0.911227,960,714.323,440.508,0.585631,719.623,474.484,0.740322,706.5,435.386,0.8241120000000001,0.0,0.0,0.0,722.097,487.57,0.706183,711.6489999999999,490.181,0.940162,711.681,518.793,0.810805,716.779,451.032,0.897109,696.048,450.967,0.987812,7,680.388,435.38,722.097,552.706,690.768,437.9380000000001,0.777725,680.388,469.286,0.9284,698.617,435.38,0.8712610000000001,690.801,552.706,0.960538,690.8530000000002,487.412,0.563505,685.6260000000002,490.164,1.05139,685.623,526.506,1.0587,685.5930000000002,451.054,1.13719,0.8,680.388,435.38,722.097,490.181,1280,0.00497529143468,-0.00209830864333,-0.100711360574,-0.00518002500758,0.00524083524942,0.0058979652822,5034,769.078,490.143,772.9755,522.6705
54,47,3449,7875,0.9526625417187358,-0.009880031028997,25.04464051616404,-0.0038825925716542,0.961914094644622,21.54268482857624,-1.972738829919213e-05,-1.6838158004348666e-05,1.0,1.0501294379065704,0.0103218383762136,-26.52247437880173,0.0037732798553971,1.0401765654992656,-22.50269635416687,2.077984626839508e-05,1.7718280275906432e-05,1.0,19,698.684,427.574,0.911282,960,711.632,427.528,0.676982,719.546,466.513,0.858901,701.316,427.424,0.8219620000000001,709.0169999999998,537.071,0.759128,719.4830000000002,484.839,0.709413,701.278,484.8730000000001,0.8809,703.868,510.929,0.8655,714.297,445.674,0.9309,696.062,443.215,1.06189,7,669.947,425.028,719.546,549.915,690.8,427.402,0.73111,675.171,461.35,0.8253959999999999,698.569,425.028,0.8693620000000001,675.185,549.915,0.963759,669.947,474.436,0.4173770000000001,680.405,482.3080000000001,1.01821,680.3860000000002,511.034,1.11358,683.013,443.222,1.1413,0.8,669.947,425.028,719.546,484.8730000000001,1280,0.00241068727337,-0.00275723030791,-0.104491211474,0.0048240320757,0.00120880454779,0.00526799540967,5044,772.9755,522.6705,771.678,518.7585
55,50,3450,22100,0.9664423570139068,0.001202349924027,16.59024115065283,0.0017417973906492,0.9782550454948156,12.75069118612956,-1.3464499684525248e-05,3.505319800800953e-07,1.0,1.034720424864136,-0.0012656048777768,-17.150124035041777,-0.0020239353013953,1.0224668463756126,-13.003581431467746,1.393270228820374e-05,-3.7544806470385363e-07,1.0,20,701.2360000000001,422.306,0.8698290000000001,960,714.312,419.758,0.6715369999999999,724.715,453.598,0.725733,706.482,417.09,0.793521,701.26,529.252,0.79984,722.09,469.213,0.7290810000000001,714.227,469.353,0.862822,711.696,497.95,0.843435,716.945,432.788,0.818129,698.65,432.734,0.922683,7,677.7669999999998,417.09,724.715,531.876,690.8489999999998,419.756,0.7066640000000001,677.7669999999998,451.073,1.0479,698.6510000000002,417.104,0.8246370000000001,677.785,531.876,0.938114,677.7760000000002,469.309,0.7549140000000001,688.178,469.353,0.971708,680.4069999999998,503.133,0.990719,688.191,435.342,1.07776,0.8,677.7669999999998,417.09,724.715,469.353,1280,8.51732474985e-05,0.000587854650803,-0.115205951035,0.00670792721212,-0.000696512463037,0.000860099797137,5046,771.678,518.7585,776.8639999999999,516.194
56,53,3451,275,0.9845623526489964,0.0103123563869156,8.710604254372909,0.0083425186728682,1.000737240607737,0.1865842097692282,-6.0163564968125564e-06,1.981536830621924e-05,1.0,1.0157646447626634,-0.0102920524855691,-8.846003501631321,-0.0084689634180182,0.9994037546481808,-0.1127031710223123,6.279017849050276e-06,-1.9865474141809155e-05,1.0,21,711.615,417.107,0.816094,960,716.939,414.536,0.689678,732.5239999999999,448.511,0.727538,714.268,411.894,0.8443579999999999,711.671,526.612,0.813625,729.9630000000002,466.681,0.699017,716.934,466.735,0.903144,716.8439999999998,492.76,0.8942459999999999,719.665,427.68,0.8331350000000001,711.6239999999998,427.61300000000006,0.930757,7,672.586,411.894,732.5239999999999,529.237,693.434,414.485,0.648895,683.0039999999998,448.456,1.03642,706.438,411.919,0.779226,672.586,529.237,0.887175,690.765,466.728,0.814944,693.372,466.721,0.969948,690.79,495.283,0.938073,693.3660000000001,430.142,1.11323,0.8,683.0039999999998,411.894,732.5239999999999,466.735,1280,0.00145792448893,0.000486844917759,-0.103719629347,0.00373849202879,0.00437114667147,0.00228416430764,5038,776.8639999999999,516.194,795.1595,511.031
57,55,3452,9807,1.0098065189432248,0.0107188107101932,-0.928481608227292,0.0131620122227821,1.012397312092087,-6.390909304323921,9.156509479121707e-06,2.2128465334825115e-05,1.0,0.9905637456412348,-0.0105062818192265,0.8525755253722797,-0.0129336073043873,0.9878991454823252,6.301565224086485,-8.783905445748892e-06,-2.1764491126040908e-05,1.0,22,714.327,409.4,0.8493440000000001,960,717.023,409.387,0.524216,735.175,448.349,0.72601,716.875,406.827,0.8451559999999999,716.802,529.198,0.84019,735.075,466.64,0.717023,719.432,466.643,0.8938360000000001,719.44,492.795,0.906861,724.696,427.4330000000001,0.8314440000000001,714.203,425.045,0.943039,7,670.007,406.827,735.175,529.198,696.018,406.835,0.718442,683.0269999999998,448.31,1.04494,714.172,406.835,0.8203459999999999,670.007,529.163,0.965032,688.209,466.629,0.8223940000000001,690.8,466.589,0.97668,688.2410000000001,492.752,0.921109,690.847,427.4980000000001,1.15003,0.8,683.0269999999998,406.827,735.175,466.643,1280,0.0033366298303,0.0005827754503119,-0.110432699323,0.000217508524656,0.00694082863629,0.000144788922626,5049,795.1595,511.031,818.5105,510.98
58,57,3453,22272,1.0156904504955293,0.0327997898086285,-8.181349596323544,0.0077352273818185,1.034703763095541,-13.37942062181309,2.5462751697769097e-06,5.111468334725345e-05,1.0,0.985440575207759,-0.0316155425758997,7.639236209867038,-0.0073945044798447,0.9667133970767192,12.873568133990052,-2.131235112945084e-06,-4.9332747308084136e-05,1.0,23,716.791,411.957,0.8407479999999999,960,719.419,411.869,0.5827439999999999,737.655,448.431,0.763411,716.952,409.319,0.851347,716.975,531.8240000000002,0.831468,735.118,466.667,0.733974,719.53,469.133,0.940101,719.5419999999998,500.523,0.882109,724.778,427.595,0.807425,716.732,427.541,0.947149,7,690.775,409.311,737.655,531.8240000000002,703.818,409.314,0.598992,690.775,448.426,0.977592,714.303,409.311,0.809692,690.835,531.793,0.925554,693.3969999999998,466.666,0.7951159999999999,696.025,466.73,0.937313,696.059,500.504,0.917217,693.443,427.658,1.1143299999999998,0.8,690.775,409.311,737.655,469.133,1280,0.00479342089966,0.0006984813371669,-0.108263030648,-0.00540971942246,0.00960311852396,0.0035317055881,5047,818.5105,510.98,849.9200000000002,531.7950000000002
59,59,3454,15103,0.9982290056363156,0.0322017759380394,-0.1492375212917408,-0.0009518648689594,1.0189266465364868,-7.1752662031533685,-9.01346005032922e-06,4.477685796335815e-05,1.0,1.0020598159052057,-0.0316653100719993,-0.0776621060602378,0.0009993964125107,0.98139401993658,7.041912490671155,8.987276287489737e-06,-4.422915464410456e-05,1.0,24,714.337,417.098,0.8585889999999999,960,717.06,417.056,0.571721,735.113,450.985,0.745957,716.8960000000002,411.8730000000001,0.842017,716.829,537.049,0.817293,735.095,466.627,0.726399,719.405,469.375,0.917584,716.877,508.286,0.868341,722.169,430.209,0.813317,714.238,430.116,0.8987959999999999,7,677.834,411.8730000000001,735.113,544.79,698.7280000000002,411.949,0.658201,677.834,453.668,1.09582,711.7189999999998,411.899,0.836007,696.003,544.79,0.800662,682.998,479.629,0.958247,696.0160000000002,471.844,0.907307,698.645,505.782,0.947413,693.383,430.236,1.02551,0.8,677.834,411.8730000000001,735.113,479.629,1280,0.00469296984375,-0.000204537805985,-0.101218782365,-0.0047214217483999,0.00741688348353,0.00473900465295,5048,849.9200000000002,531.7950000000002,894.194,564.4065
60,61,3455,8485,0.97675637799075,0.0490897366062006,10.180543631670018,-0.0110251926905662,1.0266437718035135,-11.433859940401788,-3.635081774183997e-05,7.35047065631336e-05,1.0,1.0240821358030452,-0.0481813566132174,-10.976611749210797,0.0114029414131858,0.9738911089541638,11.01924639439817,3.638805320871787e-05,-7.333701190092224e-05,1.0,25,701.2819999999998,425.041,0.8431930000000001,960,711.712,427.42,0.572814,722.1260000000002,464.05,0.904961,706.437,424.898,0.760009,698.7739999999999,550.1469999999998,0.809105,719.6160000000001,487.432,0.8082239999999999,709.082,487.398,0.866432,703.882,518.758,0.778188,716.9110000000002,445.644,0.930696,698.7260000000001,443.189,0.951418,7,672.547,424.857,722.1260000000002,550.1469999999998,696.053,424.898,0.71715,672.547,466.588,1.09288,698.717,424.857,0.858613,693.41,550.028,0.77185,675.178,487.555,1.11122,690.815,487.383,0.8643120000000001,693.429,513.616,0.828285,675.204,445.668,1.0081,0.8,672.547,424.857,722.1260000000002,487.555,1280,0.00378344533965,-0.00297824386507,-0.110696792603,-0.000227370182984,0.00830442737788,0.00125013850629,5051,894.194,564.4065,963.26,570.851
61,62,3456,5986,0.9552505442221484,0.049424162442126,16.76406066531615,-0.017857540609521,1.01568190319855,-2.7190272551930423,-4.66295270920555e-05,6.941432708337064e-05,1.0,1.0460887092912758,-0.0496960521583686,-17.67181950415532,0.0185192889918601,0.9844703593615391,2.366343254895648,4.749311782715847e-05,-7.065365093909215e-05,1.0,26,696.095,432.791,0.8675729999999999,960,698.811,432.754,0.614807,719.445,471.828,0.8602420000000001,698.569,430.154,0.878294,696.14,563.135,0.7913939999999999,716.9960000000002,490.191,0.761881,701.341,490.222,0.8714290000000001,698.817,529.252,0.81816,711.664,448.492,0.805658,696.085,448.444,0.962019,7,664.7339999999998,430.147,719.445,565.641,693.303,430.167,0.611437,664.7339999999998,471.9,1.14039,695.931,430.147,0.872345,683.0010000000002,565.641,0.748839,667.3560000000001,495.304,1.06374,683.0060000000002,490.23,0.7963979999999999,693.305,529.13,0.903986,675.14,448.503,1.07027,0.8,664.7339999999998,430.147,719.445,495.304,1280,0.00334748020396,-0.00138880056329,-0.114537768066,0.00291475350969,0.00928366184235,-7.77912136982e-05,5052,963.26,570.851,1019.377,594.4
62,63,3457,10227,0.988004143175593,0.0025593199279,8.333378049453366,0.0039880260124241,0.9885926271019592,7.708294028658267,-8.732692263918603e-07,3.475333085812002e-06,1.0,1.0121246540204591,-0.0025906604171357,-8.414447802900984,-0.0040899577183571,1.0115570237663516,-7.763295802072147,8.980712790067545e-07,-3.517759936899035e-06,1.0,27,696.158,427.588,0.943723,960,698.823,427.523,0.580775,719.456,469.2480000000001,0.8406299999999999,698.648,427.416,0.911084,696.07,563.07,0.756632,719.4839999999998,490.234,0.779756,703.8860000000002,490.127,0.886808,698.826,529.215,0.8639959999999999,714.194,448.266,0.8759049999999999,696.061,445.895,0.986853,7,664.7669999999998,427.416,719.4839999999998,568.2090000000002,690.8710000000002,427.495,0.729726,664.7669999999998,469.312,1.01759,695.962,427.424,0.950138,685.6110000000001,568.2090000000002,0.7413810000000001,669.977,490.214,1.0217200000000002,688.242,490.139,0.816585,693.378,529.151,0.804212,675.289,445.899,0.984084,0.8,664.7669999999998,427.416,719.4839999999998,490.234,1280,0.00235009961762,-0.0001816722651709,-0.112643457949,0.0030109891668,0.00496356887743,0.000468330981676,5040,1019.377,594.4,1083.165,612.637
64,79,4272,6320,1.0339854259235062,-0.0230468610103896,-7.037858405888665,0.0305590145693093,0.9760495935821778,9.902070468493037,5.3677444604159113e-05,-3.2478606854716574e-05,1.0,0.9667756183525364,0.0230466944735456,6.5758199194877305,-0.0297323925036387,1.0241976857170332,-10.350930026146465,-5.285971138574575e-05,3.2027426310001355e-05,1.0,224,617.7959999999998,474.441,0.755677,960,628.237,471.95,0.472425,636.045,505.741,0.621077,617.962,471.849,0.719658,617.793,573.634,0.83719,0.0,0.0,0.0,623.116,524.012,0.746351,617.913,550.011,0.786331,630.821,490.08,0.792218,617.8009999999998,489.9980000000001,0.9005120000000001,76,599.5980000000002,469.425,636.045,573.634,612.745,471.931,0.5473819999999999,599.5980000000002,505.622,0.637383,615.2919999999998,469.425,0.752315,615.153,573.56,0.712841,607.389,510.869,0.735233,612.688,523.952,0.832958,615.104,547.484,0.7764270000000001,612.5830000000002,489.98,0.839199,0.8,599.5980000000002,469.425,636.045,524.012,1280,-0.000331745133735,0.00248295045458,-0.0870572179556,0.00733483303338,-0.00134074978996,-0.00204767938703,7955,411.821,569.6324999999998,471.8365,560.5165
65,80,4273,4369,0.9908506267691468,0.0221760906324241,6.683593675335058,-0.0007490680291718,0.9989787228703316,9.867914321871188,3.2584117823102523e-06,2.1254275662354366e-05,1.0,1.0090050357539242,-0.0222598551291571,-6.524121332114363,0.0007892282371487,1.0009835213067508,-9.882894506714145,-3.304528371423837e-06,-2.1202647921102486e-05,1.0,228,625.621,466.489,0.846618,960,633.38,464.02,0.652623,636.225,492.674,0.69266,630.776,461.459,0.828728,625.68,568.344,0.7404850000000001,633.492,490.157,0.581166,630.913,511.0,0.8896950000000001,630.868,537.0509999999998,0.861708,633.5319999999998,477.003,0.832419,620.498,471.963,0.8247690000000001,76,602.239,458.838,636.225,570.835,615.1419999999998,461.452,0.625362,602.239,490.125,0.693398,617.927,458.838,0.771249,615.114,570.835,0.792463,612.519,497.894,0.827385,615.137,510.98,0.975029,615.2180000000002,539.638,0.812315,612.675,474.528,0.865836,0.8,602.239,458.838,636.225,511.0,1280,0.00462122587487,-0.00133418792393,-0.121913999319,0.00422517070547,0.0085008246824099,0.000636920623947,7936,471.8365,560.5165,499.228,552.6600000000002
66,81,4274,2288,1.006315834321826,0.0242840092427512,1.9696320490296484,0.0019373518525611,1.016891523687145,-2.2512276914496185,7.5241731755903156e-06,3.872719774970744e-05,1.0,0.9938546948109904,-0.0236572966993264,-2.0107860204126697,-0.0019098539172547,0.9834197907186116,2.2176635746697166,-7.403971544804776e-06,-3.790709110890352e-05,1.0,229,617.845,466.556,0.813394,960,630.835,466.572,0.668553,636.097,492.698,0.7225520000000001,620.486,464.028,0.759147,615.365,573.437,0.826142,630.8380000000002,490.051,0.479623,625.7,513.673,0.786259,620.448,547.44,0.779051,633.382,479.647,0.80001,617.86,477.038,0.823784,76,596.946,461.445,636.097,573.437,612.745,463.952,0.4974270000000001,596.946,490.179,0.719175,615.3,461.445,0.729508,610.0790000000002,570.946,0.674246,599.5880000000002,500.528,0.7262529999999999,612.5419999999998,513.563,0.917495,612.547,547.481,0.766641,612.484,477.099,0.838872,0.8,596.946,461.445,636.097,513.673,1280,0.00374173815362,0.00180181651376,-0.130220189691,0.00897627137601,0.0068386294879,-0.000205199714401,7965,499.228,552.6600000000002,501.854,549.9265
67,82,4275,1131,1.0276642966469107,0.0438143704200303,-14.163174229667986,0.0004310839969494,1.0521281579415844,-19.240394312092352,9.113861369691424e-06,6.515000813669704e-05,1.0,0.9742567675521534,-0.0413766681039553,13.002464933633616,-0.0005608855922395,0.9505905435215052,18.281792966334145,-8.842699417055847e-06,-6.155388042805414e-05,1.0,230,615.344,471.86800000000005,0.8783719999999999,960,630.766,471.825,0.748253,636.14,508.262,0.680291,617.909,469.323,0.883159,615.238,589.161,0.804175,0.0,0.0,0.0,625.692,529.264,0.830683,620.44,555.36,0.776816,633.385,487.61,0.921403,617.795,487.561,0.948335,76,594.447,469.242,636.14,589.161,612.526,469.319,0.642077,594.447,508.213,0.742884,615.1569999999998,469.242,0.8910170000000001,609.943,589.145,0.684191,597.0419999999998,510.951,0.840791,612.539,529.2080000000002,0.940393,612.503,557.883,0.772703,607.461,487.602,0.903205,0.8,594.447,469.242,636.14,529.264,1280,0.00316325621679,0.00228974176571,-0.1117631495,0.0053931591101,-0.00180834822822,0.00316192046739,7942,501.854,549.9265,497.835,534.4100000000002
68,83,4276,22245,1.048778862890439,0.072816800613228,-28.76728592897781,0.0047812905389927,1.083781306596337,-24.735659117054865,2.349183036221973e-05,9.83630922115172e-05,1.0,0.9559232246250932,-0.0665726672747721,25.852597924718665,-0.0047191606622584,0.9235728213189116,22.70942503380525,-2.1992194996816063e-05,-8.928156478106376e-05,1.0,231,620.487,487.386,0.8476319999999999,960,630.908,487.331,0.658885,638.742,516.164,0.676902,628.191,484.84,0.819088,617.856,597.0790000000002,0.849331,633.576,511.062,0.5646770000000001,630.9019999999998,539.674,0.812316,628.243,570.922,0.8809899999999999,633.534,503.065,0.8875379999999999,617.915,500.482,0.852526,76,594.5219999999998,482.258,638.742,597.0790000000002,612.677,484.828,0.722249,594.5219999999998,513.611,0.756798,615.391,482.258,0.825095,607.461,597.059,0.769279,599.601,523.927,0.766217,612.625,539.617,0.8906149999999999,612.528,570.9259999999998,0.8497979999999999,609.988,500.565,0.888835,0.8,594.5219999999998,482.258,638.742,539.674,1280,-0.000881658343133,0.00249315355904,-0.096390016377,-0.00326835387386,-0.0077022616751499,0.00401677656919,8009,497.835,534.4100000000002,482.2715,540.944
69,84,4277,22459,1.0161845502458369,0.056109400355836,-13.806066424535766,-0.0055117679557951,1.03914152949116,-5.141728891164443,6.401676420047468e-06,6.33891162090558e-05,1.0,0.9840936604701802,-0.0539489125287706,13.309071762219771,0.0051869866048416,0.9621347364996512,5.0186478534627685,-6.628647678019275e-06,-6.064350713952303e-05,1.0,232,617.9119999999998,490.177,0.908907,960,630.911,490.172,0.723503,638.673,529.091,0.642754,625.614,490.07,0.894813,617.831,612.586,0.8589690000000001,633.4580000000002,516.207,0.488834,628.2280000000002,550.121,0.8062739999999999,620.5219999999998,576.179,0.8173199999999999,633.526,508.418,0.959569,617.88,508.315,0.942561,76,594.307,487.604,638.673,612.586,612.606,490.011,0.818451,594.307,526.5509999999998,0.7474069999999999,615.314,487.604,0.963363,604.864,612.539,0.742591,596.966,529.2080000000002,0.832966,612.466,550.049,0.882976,609.991,578.716,0.764574,607.39,508.342,0.933377,0.8,594.307,487.604,638.673,550.121,1280,-0.00329233310185,0.000549642310943,-0.072711199522,-0.00402867654338,-0.00673164520413,0.00112221005838,8019,482.2715,540.944,477.0435,565.6625
70,85,4278,14650,0.9601785192002608,0.022798709237919,21.972919328747224,-0.0191893229473029,0.9933762164990064,11.927435197764853,-3.06565901279542e-05,3.406680885827691e-05,1.0,1.0405697115139556,-0.0231071767734993,-22.588744973464717,0.0197260153742264,1.0069123355221954,-12.443319776266556,3.122831675015768e-05,-3.501067731863518e-05,1.0,233,612.615,492.8130000000001,0.8942049999999999,960,615.2180000000002,492.695,0.465084,633.364,529.1709999999998,0.69827,615.145,490.24300000000005,0.8690950000000001,612.698,612.694,0.893279,620.48,521.396,0.400158,615.2869999999998,550.141,0.91809,615.173,581.382,0.8852200000000001,620.487,508.461,0.8814649999999999,612.493,508.463,0.965387,76,586.5219999999998,490.193,633.364,612.7180000000002,599.614,490.193,0.746425,586.5219999999998,529.18,0.799004,610.062,490.197,0.8688450000000001,594.503,612.7180000000002,0.868748,591.8340000000002,531.73,0.893598,597.054,550.154,0.920623,597.006,583.928,0.8656450000000001,594.4159999999998,510.857,0.969095,0.8,586.5219999999998,490.193,633.364,550.154,1280,-0.00223814207129,-0.00103801395744,-0.0531939975917,0.00189462443814,-0.0049029253423199,0.00147371704224,7970,477.0435,565.6625,460.1545,564.383
71,86,4279,5805,0.964712445496711,0.0037215070835185,16.89557585996376,-0.015358619870564,0.958377797021981,34.675416882818155,-1.126971229079193e-05,-1.034037734048216e-05,1.0,1.0369020253388852,-0.0042138715966734,-17.372939074157873,0.0161881641065657,1.043571279265228,-36.45977751015364,1.1852979224620214e-05,1.0743431688767292e-05,1.0,234,612.685,484.855,0.8426040000000001,960,612.65,484.829,0.219248,630.862,510.95,0.698751,615.15,479.689,0.709766,607.429,604.78,0.783788,628.211,495.331,0.587201,612.672,537.086,0.854823,612.612,573.5790000000002,0.946193,617.821,492.787,0.8642700000000001,607.424,492.799,0.858325,76,581.313,479.677,630.862,604.78,597.08,479.709,0.73933,581.313,511.087,0.7993979999999999,610.071,479.677,0.772874,589.214,599.6,0.775432,594.41,513.5930000000002,0.75849,594.307,539.615,0.892059,594.261,573.47,0.859482,594.274,495.283,0.907788,0.8,581.313,479.677,630.862,539.615,1280,-0.00454147346318,0.00130165845621,-0.0667760893703,0.00385870458558,-0.0056481286883399,-0.00325551792048,7924,460.1545,564.383,456.2185,556.6469999999999
72,87,4280,610,0.9631984647436164,-0.0114149434432821,24.08351393301036,-0.0036473777761437,0.9560295234040308,24.509928167823038,-1.382799585703886e-05,-9.069217637033807e-06,1.0,1.0384959818987731,0.0121595022542436,-25.30866097624236,0.0035930042335066,1.0464017663777372,-25.733764296120487,1.4392903872612193e-05,9.65818690185164e-06,1.0,235,607.427,479.639,0.866626,960,612.695,477.084,0.578809,620.445,511.046,0.702792,612.486,474.462,0.8708319999999999,599.5840000000002,594.525,0.813709,615.195,508.361,0.475092,609.985,534.419,0.855547,607.404,570.8340000000002,0.883717,615.252,492.689,0.8939030000000001,602.25,490.185,0.895332,76,576.095,471.895,620.445,594.525,594.419,471.922,0.7575609999999999,576.095,510.849,0.825535,599.6519999999998,471.895,0.860374,578.745,591.856,0.8304889999999999,578.758,516.15,0.845274,591.716,531.9159999999998,0.924168,586.6080000000002,570.783,0.834463,591.714,490.207,0.949059,0.8,576.095,471.895,620.445,534.419,1280,0.0028151592705399,0.00290360255167,-0.115246228874,0.00552693242207,0.00146230007522,0.000760403869208,7940,456.2185,556.6469999999999,465.4085,547.4415
73,88,4281,21766,1.0091051102204789,0.0050987220400806,2.3537693194244422,0.0172216951802994,1.0066120630974504,-2.725483485575321,1.0664780657747382e-05,2.8689527081998767e-05,1.0,0.9911397019364226,-0.0049534756176952,-2.3464148376736667,-0.0169842857534477,0.993492538799144,2.7477245982581686,-1.0083016396245123e-05,-2.845000336668553e-05,1.0,236,612.548,474.43,0.8643870000000001,960,612.751,471.875,0.365121,623.075,508.4,0.676962,612.681,469.411,0.8120890000000001,602.22,594.526,0.798258,620.4540000000002,495.323,0.601672,612.482,531.92,0.8987780000000001,609.96,570.865,0.8922680000000001,617.812,490.045,0.92285,607.4119999999998,490.028,0.93461,76,578.73,469.374,623.075,594.526,597.085,469.391,0.775266,578.73,510.859,0.8950239999999999,609.942,469.374,0.8294299999999999,586.565,594.355,0.800527,596.96,508.383,0.786967,591.877,531.878,0.973958,591.839,568.314,0.870893,594.274,490.082,0.988164,0.8,578.73,469.374,623.075,531.92,1280,0.00432702386752,7.52739579184e-05,-0.102542966604,0.00139912636951,0.00648776767775,0.00390983046964,7917,465.4085,547.4415,478.258,537.0269999999999
74,89,4282,2484,1.0522291417789549,-0.0101384981953091,-13.97264158874096,0.0366832400807768,1.0182837615850813,-9.694718792814609,5.626517057009341e-05,3.9554399587392e-06,1.0,0.9500693527498736,0.0094074045511207,13.36618069211445,-0.0347334708268919,0.9824372566326448,9.039134595640576,-5.331842802747549e-05,-4.415280803529559e-06,1.0,237,628.276,466.727,0.8529680000000001,960,625.599,469.169,0.156053,636.168,503.144,0.640891,630.867,466.576,0.672489,615.273,594.379,0.8228610000000001,633.585,490.197,0.584769,620.467,531.695,0.873576,620.42,565.663,0.8134170000000001,633.364,487.336,0.932163,615.374,484.936,0.954983,76,591.756,466.552,636.168,594.379,615.113,466.627,0.8452069999999999,591.756,508.252,0.878323,623.045,466.552,0.798962,594.471,591.729,0.856358,599.561,508.371,0.812343,607.434,529.253,0.899911,599.648,563.05,0.780463,607.363,487.346,0.91896,0.8,591.756,466.552,636.168,531.695,1280,0.00426097819582,-0.000509880774189,-0.0947167724371,-0.00215066224337,0.00565281976014,0.0040398160927,7910,478.258,537.0269999999999,467.94,548.752
75,90,4283,19046,1.0744536140196514,-0.0046845834233983,-24.62293333724276,0.0387249352812506,1.0288354255693026,-8.447240573305317,8.07460355384055e-05,-6.974289507811703e-07,1.0,0.9305475650267412,0.0042526070741418,22.94873345580602,-0.0356425452422752,0.9736115455164218,7.346706934454612,-7.516288489875742e-05,3.356437167184188e-07,1.0,238,636.099,458.78,0.918409,960,638.812,461.423,0.375665,656.878,497.948,0.724035,638.7040000000002,453.568,0.8687389999999999,625.702,591.659,0.775809,651.626,490.15,0.6070770000000001,636.129,529.1030000000002,0.938288,633.49,560.433,0.857299,649.125,477.056,0.89869,633.453,479.647,0.914246,76,597.1080000000002,451.077,656.878,591.659,623.055,456.258,0.772367,597.1080000000002,505.679,0.825362,633.496,451.077,0.933652,610.01,589.115,0.849216,615.149,497.942,0.804791,615.364,526.62,0.922115,615.235,555.337,0.913015,615.211,479.695,0.925862,0.8,597.1080000000002,451.077,656.878,529.1030000000002,1280,0.000778706802521,-0.000206527707633,-0.0816725119948,0.00286446977407,-0.00329617783427,0.00224754749797,8002,467.94,548.752,447.097,557.922
76,91,4284,12679,1.0523939377606728,0.0216064546571073,-27.0911541214214,0.0227634471268241,1.0271408624285363,0.9389340459883438,5.339887911201641e-05,1.8320355020078237e-05,1.0,0.950631145248996,-0.0204567243166044,25.772902383494134,-0.0210217911112719,0.9753583827893922,-1.4853017755448876,-5.037751092895244e-05,-1.6776545695700825e-05,1.0,239,651.6569999999998,445.893,0.87721,960,654.321,448.394,0.328814,659.563,487.413,0.572465,654.258,445.747,0.8229629999999999,636.149,586.566,0.806028,656.9639999999998,474.435,0.417788,651.691,516.1619999999998,0.83547,643.934,552.687,0.844076,656.86,466.693,0.929191,641.273,466.719,0.919268,76,612.724,445.721,659.563,586.566,636.077,445.889,0.859023,612.724,492.664,0.914165,646.462,445.721,0.831103,615.2909999999998,576.182,0.825241,633.455,484.861,0.719851,633.434,513.616,0.9131,630.825,552.5790000000002,0.88651,630.872,469.187,0.928049,0.8,612.724,445.721,659.563,516.1619999999998,1280,0.0032144067809,0.000906140950974,-0.112207964063,0.00732603529468,-0.0004535198095249,0.00158753036521,7973,447.097,557.922,463.9745,542.2035000000002
77,92,4285,6185,1.059072995653533,0.0289485734212681,-20.74780357908637,0.0238072019987119,1.0507202221188503,-24.93747901881026,4.5063385911500095e-05,5.18632667497736e-05,1.0,0.9459700970269458,-0.0269981261742118,18.953536559787757,-0.0224179157561917,0.9531586583467488,23.30425153135741,-4.146594919822712e-05,-4.8217294774017874e-05,1.0,240,654.285,451.055,0.929583,960,659.5419999999998,450.98,0.5797100000000001,672.5139999999999,500.541,0.8314600000000001,656.86,448.403,0.965534,636.23,597.044,0.8121430000000001,672.543,518.798,0.667566,654.382,529.196,0.942666,649.132,568.266,0.846184,662.205,474.439,0.885625,651.628,474.427,0.878756,76,615.313,448.403,672.543,597.044,638.749,448.55300000000005,0.817021,615.313,503.117,0.808954,651.6469999999998,448.403,0.945708,617.839,594.387,0.796905,620.521,505.723,0.786187,636.0219999999998,529.104,0.953031,630.831,565.643,0.809818,633.489,471.947,0.933585,0.8,615.313,448.403,672.543,529.196,1280,0.000836808641907,0.00185182923451,-0.109203144908,0.00474664987996,0.000101836616523,0.00158978253603,8008,463.9745,542.2035000000002,460.15,533.0885
78,93,4286,18780,1.0510687320948071,0.0632314337584499,-24.29329907145784,0.0131556751189205,1.0855765069089531,-35.77577226391829,1.920050473855229e-05,0.000105285151792,1.0,0.955410248978618,-0.0577004908422829,21.145787294483757,-0.012140665019015,0.9222506889871832,32.69929381321389,-1.7066127253392108e-05,-9.599142523249248e-05,1.0,241,654.248,466.59,0.93374,960,659.555,466.61,0.541729,669.987,511.01,0.8541639999999999,656.836,463.967,0.916357,638.756,615.3009999999998,0.815863,675.061,539.5830000000002,0.599503,654.339,544.88,0.8802909999999999,649.124,581.36,0.801144,662.201,487.582,0.889444,651.63,487.58,0.912851,76,615.256,463.967,675.061,615.3009999999998,638.702,466.589,0.810771,615.256,516.154,0.8336870000000001,649.173,463.968,0.8803620000000001,623.018,615.232,0.806767,630.9019999999998,508.403,0.802136,635.974,542.248,0.8654290000000001,633.386,578.802,0.8461700000000001,633.467,487.512,0.918025,0.8,615.256,463.967,675.061,544.88,1280,0.000729841878638,0.000997103750706,-0.0870131850243,-9.82719648164e-05,-0.000417945382651,0.00317454710603,7963,460.15,533.0885,456.2045,533.107
