frame_id,height,l_ear_x,l_ear_y,l_elbow_x,l_elbow_y,l_eye_x,l_eye_y,l_foot_x,l_foot_y,l_hand_x,l_hand_y,l_hip_x,l_hip_y,l_knee_x,l_knee_y,l_shoulder_x,l_shoulder_y,neck_x,neck_y,nose_x,nose_y,person_id,r_ear_x,r_ear_y,r_elbow_x,r_elbow_y,r_eye_x,r_eye_y,r_foot_x,r_foot_y,r_hand_x,r_hand_y,r_hip_x,r_hip_y,r_knee_x,r_knee_y,r_shoulder_x,r_shoulder_y,threshold,width,R_1,R_2,R_3,T_1,T_2,T_3,position_x,position_y
28,960,396.233,388.507,346.694,466.624,0.0,0.0,422.329,594.405,364.997,487.601,377.982,503.082,404.094,563.062,367.662,424.858,403.98,427.492,0.0,0.0,0,427.56,398.86,430.232,477.039,0.0,0.0,351.954,643.914,440.584,513.592,406.629,508.332,385.903,573.444,427.63,430.157,0.8,1280,-0.00113062409218,0.001987317577,-0.0887924358248999,0.00158240168821,0.00143910758197,-0.0026517440564899,816.0264999999998,529.2194999999998
29,960,406.647,396.299,364.871,466.67800000000005,0.0,0.0,427.529,609.9680000000001,378.013,487.51,385.925,508.287,414.533,570.823,383.301,425.031,409.357,427.654,0.0,0.0,0,440.534,403.985,445.85,474.48,0.0,0.0,375.381,635.979,448.545,513.599,422.29,508.431,406.6830000000001,570.985,443.164,432.732,0.8,1280,-0.00412219250575,0.00213795667514,-0.0703278928995,0.00172197551001,-0.00198608357459,-0.0038417680189,835.5105,533.1185
30,960,414.4980000000001,401.401,365.083,471.939,0.0,0.0,430.131,615.336,385.80300000000005,503.156,398.824,510.986,427.482,573.438,388.389,430.14,422.321,432.739,0.0,0.0,0,445.786,404.141,453.596,487.359,0.0,0.0,398.796,633.427,463.977,523.966,427.596,513.587,427.542,573.543,448.36800000000005,437.98,0.8,1280,-0.000818181608338,0.00301293632947,-0.0763618052006,0.000566122820601,-0.0074159884825299,0.00326955434866,841.97,516.216
31,960,424.841,404.054,383.11,474.491,0.0,0.0,427.464,625.636,388.439,490.184,409.259,511.016,427.463,570.985,403.984,435.369,427.592,443.09,0.0,0.0,0,451.0580000000001,406.63,464.072,487.486,0.0,0.0,427.617,625.698,471.837,524.024,443.223,511.039,448.391,570.987,456.206,445.65,0.8,1280,-0.000338180368999,0.00299401930533,-0.0964316949248,0.00161774363369,-0.0070920907892299,0.0074211498722399,839.4205,509.6425
43,960,659.595,383.26,620.447,453.627,0.0,0.0,662.1210000000001,597.048,633.433,469.224,651.6669999999999,490.055,657.038,549.99,638.726,414.51,670.0039999999999,422.216,0.0,0.0,0,695.908,385.86300000000006,701.2360000000001,469.13,0.0,0.0,677.68,612.534,716.8539999999999,497.973,677.84,490.177,677.922,550.133,696.013,424.845,0.8,1280,-0.000920048041735,0.0005537861725319,-0.124871365726,-0.00130079057999,-0.0088013475760799,0.00981095526367,885.0495000000002,613.944
43,960,344.103,336.311,320.536,406.707,0.0,0.0,427.419,550.125,284.202,448.326,362.445,453.638,401.394,510.9330000000001,341.408,364.995,351.986,365.012,383.156,341.481,3,370.234,336.301,385.784,409.24300000000005,383.112,336.297,341.50800000000004,602.188,0.0,0.0,370.204,453.6230000000001,359.79900000000004,531.91,365.022,365.013,0.8,1280,-0.000920048041735,0.0005537861725319,-0.124871365726,-0.00130079057999,-0.0088013475760799,0.00981095526367,559.252,513.569
44,960,672.541,383.101,628.2869999999999,450.986,0.0,0.0,675.2610000000001,599.622,636.091,471.853,654.401,490.153,672.503,550.165,651.631,414.466,675.314,419.7480000000001,0.0,0.0,0,701.227,385.75,714.342,466.649,0.0,0.0,675.305,612.719,719.643,500.551,682.9860000000001,492.76,677.942,552.627,701.288,424.785,0.8,1280,-0.00434374483302,0.000308812392177,-0.0738814845681,-0.000523950089701,-0.0102559207007,0.0017919378587999,862.9015,616.5165
44,960,354.546,325.896,320.545,404.09,346.663,323.346,427.579,552.5980000000001,284.159,440.538,367.65,445.665,406.581,505.657,344.145,362.335,362.442,362.354,344.077,328.451,3,380.586,328.43800000000005,393.624,404.062,0.0,0.0,338.838,594.44,383.194,404.094,383.231,443.156,364.908,526.5840000000001,383.152,362.34,0.8,1280,-0.00434374483302,0.000308812392177,-0.0738814845681,-0.000523950089701,-0.0102559207007,0.0017919378587999,539.663,508.3985
45,960,675.066,383.104,633.5219999999999,448.341,0.0,0.0,675.283,602.203,636.1569999999999,471.926,657.086,487.547,677.813,550.024,654.357,409.253,677.888,414.491,0.0,0.0,0,701.347,383.32,716.915,456.2480000000001,0.0,0.0,672.618,612.63,724.7689999999999,490.128,688.273,490.076,677.94,550.082,706.505,419.73,0.8,1280,-0.00337198097259,0.000105951796286,-0.0749918818474,0.00273457611911,-0.00580563815311,-0.00425856374204,848.6030000000002,611.284
45,960,351.982,320.622,320.595,391.081,0.0,0.0,424.982,550.087,284.251,427.471,367.557,432.814,406.771,490.145,344.125,351.961,364.983,349.39,0.0,0.0,3,383.28,320.601,403.95,391.069,0.0,0.0,328.465,583.904,401.381,385.741,385.867,432.788,367.6,513.563,385.92,349.37300000000005,0.8,1280,-0.00337198097259,0.000105951796286,-0.0749918818474,0.00273457611911,-0.00580563815311,-0.00425856374204,530.4455,510.9525
51,960,740.263,385.827,698.789,458.807,0.0,0.0,740.44,602.239,714.191,484.907,719.622,492.656,729.939,552.623,719.4789999999999,417.11,745.63,422.285,0.0,0.0,0,774.22,388.523,781.992,469.149,0.0,0.0,740.362,612.4830000000001,792.5089999999999,505.776,758.5419999999999,497.882,758.5269999999999,555.307,776.908,424.9380000000001,0.8,1280,0.000208170109545,0.00140454957727,-0.0816906690598,0.00115157000255,0.00279662315734,-0.000294629338896,1072.72,641.307
51,960,427.401,302.524,424.902,380.62,0.0,0.0,424.821,565.637,469.1880000000001,401.464,424.807,419.725,425.002,490.215,419.675,338.839,430.195,338.93699999999995,456.155,320.732,3,450.969,307.672,448.32,383.316,453.659,310.202,487.61300000000006,552.639,469.272,411.893,445.724,419.733,482.284,487.448,445.898,341.523,0.8,1280,0.000208170109545,0.00140454957727,-0.0816906690598,0.00115157000255,0.00279662315734,-0.000294629338896,697.377,529.222
52,960,763.87,388.523,732.4760000000001,469.161,0.0,0.0,761.275,617.904,745.597,487.59,756.01,505.791,761.2360000000001,568.2180000000001,745.587,425.037,779.334,427.57,0.0,0.0,0,800.2860000000001,393.701,808.1089999999999,474.458,0.0,0.0,776.8860000000001,617.83,821.079,508.343,782.198,508.396,787.326,570.8330000000001,802.956,430.194,0.8,1280,-3.74272462977e-06,0.00170103693381,-0.0715670511127,-0.0043242382817,-0.000938407611102,0.00921498425305,1076.58,639.962
52,960,453.664,323.197,445.752,380.634,0.0,0.0,437.992,573.495,490.067,391.17,448.29,430.108,445.791,508.232,448.30300000000005,351.89300000000003,466.496,354.537,0.0,0.0,3,484.839,325.842,484.898,398.83,0.0,0.0,526.601,552.6669999999999,492.793,419.723,471.875,430.104,503.149,492.73,479.708,359.725,0.8,1280,-3.74272462977e-06,0.00170103693381,-0.0715670511127,-0.0043242382817,-0.000938407611102,0.00921498425305,709.0250000000002,530.4885
53,960,487.46,344.093,471.909,406.63,0.0,0.0,448.518,594.278,516.207,422.23800000000006,471.892,448.439,466.513,529.195,477.083,370.222,490.086,372.794,510.853,359.658,3,508.317,344.189,497.897,411.869,508.48,344.07300000000004,552.544,570.823,511.036,409.333,495.358,448.416,529.0880000000001,511.059,505.716,375.427,0.8,1280,-0.000806146417744,0.00325361383148,-0.0678236782551,-0.00538129219785,0.000375942880055,0.0120599819347,718.1360000000001,534.3745
54,960,487.617,346.732,479.653,424.87,0.0,0.0,445.82,599.646,518.7819999999999,430.166,479.629,458.82,466.531,531.738,484.903,380.648,492.783,383.131,0.0,0.0,3,511.071,351.98,495.376,424.967,0.0,0.0,550.009,576.089,511.066,424.9,505.655,461.366,531.724,516.194,508.345,383.251,0.8,1280,-0.0012140489416199,0.000129993029987,-0.0709443390368999,-0.00386323104613,0.00270900060423,0.011391768232,732.4910000000001,551.3765000000002
55,960,490.041,344.106,487.542,424.782,0.0,0.0,445.714,597.011,0.0,0.0,487.494,453.6230000000001,469.365,531.797,484.907,375.43,500.479,377.997,0.0,0.0,3,513.606,344.233,518.809,424.87,0.0,0.0,550.111,573.636,534.4490000000001,453.589,511.017,456.197,534.4490000000001,516.1619999999999,513.536,380.617,0.8,1280,-0.00212505925447,-0.00287777767517,-0.0758810937404999,0.00308537110686,0.00425093062222,0.00424177059904,739.0999999999998,559.1915
57,960,508.481,344.154,497.97,414.491,0.0,0.0,471.888,581.379,0.0,0.0,508.409,451.077,516.129,526.6,503.088,378.012,518.752,380.5580000000001,531.786,362.446,3,531.879,346.72,544.849,424.887,0.0,0.0,552.57,586.602,560.4590000000001,445.834,531.714,456.168,549.957,529.066,534.489,383.155,0.8,1280,0.00161148421466,0.00243453495204,-0.0791218802333,0.00322323315777,0.00751370610669,-0.00245176348835,761.3115,550.0685000000002
58,960,510.838,344.07199999999995,492.73,398.884,0.0,0.0,550.0409999999999,591.799,0.0,0.0,511.042,448.423,531.832,523.974,505.654,372.798,521.401,372.766,0.0,0.0,3,534.486,344.07,550.07,419.682,0.0,0.0,490.116,576.116,552.674,430.11,534.377,448.462,537.055,529.089,539.6030000000001,372.84,0.8,1280,0.00609940942377,0.00252833263949,-0.098336532712,-0.00361597468145,0.0110481893644,0.0064679239876599,783.46,534.4235
59,960,511.116,338.88199999999995,500.537,404.044,0.0,0.0,511.056,570.82,526.521,409.296,510.981,438.0,513.629,500.538,505.723,364.959,529.129,365.028,0.0,0.0,3,544.835,341.361,552.749,406.686,0.0,0.0,531.817,589.082,547.411,424.927,539.5980000000001,440.6,534.481,516.1669999999999,550.061,367.572,0.8,1280,0.00203141383827,0.00145135319326,-0.0862865075469,-0.00613897806033,0.00389138516039,0.00791394524276,802.9110000000002,534.4235
60,960,511.048,328.47,492.786,398.835,0.0,0.0,492.737,529.089,516.135,404.139,510.912,430.099,508.282,492.726,505.699,359.69800000000004,526.6080000000001,359.749,0.0,0.0,3,537.086,325.923,555.344,398.892,0.0,0.0,529.268,589.078,547.443,409.372,536.994,432.74300000000005,531.861,510.995,549.9019999999999,359.806,0.8,1280,0.000910521426704,-0.00136453239247,-0.0903261899948,-0.00323647959158,0.00191674567759,0.00506661459804,821.0855,550.043
61,960,508.355,323.208,487.46,403.987,0.0,0.0,539.617,565.658,484.844,445.697,508.292,435.372,526.582,508.463,492.6830000000001,354.532,513.632,354.56800000000004,0.0,0.0,3,531.769,323.268,550.175,398.856,0.0,0.0,511.103,589.135,537.11,403.994,531.839,435.353,529.238,510.865,537.029,357.099,0.8,1280,0.00153854989912,-0.00051412632456,-0.0970165207982,0.00162345881108,0.00528542743996,0.00213235407136,832.9045,553.9955
62,960,505.764,323.35200000000003,479.637,409.299,0.0,0.0,550.1709999999999,555.366,461.426,448.3730000000001,510.874,445.76,526.571,511.02,490.185,362.401,513.573,362.30300000000005,0.0,0.0,3,531.774,323.36400000000003,552.705,401.403,0.0,0.0,505.73,594.446,539.675,404.119,531.877,443.198,521.372,513.617,537.049,359.796,0.8,1280,0.00339209241793,0.00191983906552,-0.122113399208,0.00201746053062,0.00411663157865,-0.00131565786432,849.818,552.684
63,960,529.129,325.892,565.682,388.469,508.265,336.293,497.968,591.773,542.236,401.46,534.476,435.328,516.226,511.084,547.419,357.1,521.377,359.745,503.122,341.535,3,0.0,0.0,482.2480000000001,404.093,503.115,338.876,570.862,549.981,448.491,437.903,511.104,440.536,539.635,500.519,492.793,362.287,0.8,1280,-0.00215378333814,0.00195795553736,-0.0712382271886,0.00281800562516,-0.00118048652075,-0.00287185236812,845.9119999999999,555.239
64,960,523.941,318.073,487.391,398.796,0.0,0.0,573.582,550.031,453.572,427.634,529.2130000000001,430.165,552.717,500.535,508.291,349.355,531.814,349.289,0.0,0.0,3,550.085,320.588,570.866,391.05300000000005,0.0,0.0,497.954,589.212,550.122,396.215,552.665,427.643,531.757,510.948,557.906,346.74,0.8,1280,-0.00188350642566,0.00301337544806,-0.0661134421825,-0.000165666337125,-0.0086554456502199,-0.00137355865445,823.8385000000002,542.2230000000001
65,960,516.237,325.85400000000004,484.926,404.192,0.0,0.0,492.679,591.69,448.42,440.517,523.961,443.19,510.983,513.577,505.771,362.416,531.739,362.376,0.0,0.0,3,550.038,323.315,568.293,406.584,0.0,0.0,492.737,594.398,0.0,0.0,552.607,443.173,531.877,524.001,555.315,362.396,0.8,1280,-0.000199170259293,0.00259091542102,-0.0654165372252,-0.003410120029,-0.0135792084038,0.00631704926491,802.937,529.1745
66,960,505.786,325.846,469.124,406.773,0.0,0.0,550.006,565.637,445.641,443.09,510.976,443.135,529.221,510.897,490.117,365.03,513.572,362.427,0.0,0.0,3,534.399,325.823,550.136,401.476,0.0,0.0,487.446,586.5840000000001,0.0,0.0,539.607,440.606,531.714,521.399,542.222,362.245,0.8,1280,0.00105179997627,0.00119648093823,-0.0789069607854,-0.00567060569301,-0.0161364059895,0.0036553433165,769.066,533.1395
67,960,487.601,323.158,458.854,406.572,0.0,0.0,529.153,570.8,435.408,445.816,492.682,432.777,513.5790000000001,508.434,479.631,362.255,500.557,359.656,0.0,0.0,3,521.337,320.741,534.5319999999999,398.818,0.0,0.0,484.929,573.631,534.507,409.275,521.339,432.763,516.2280000000001,511.008,526.609,354.51300000000003,0.8,1280,0.00129110901617,-0.00129050645046,-0.0810757428408,-0.00263228826225,-0.0167966391891,-0.000188478079508,739.068,551.3824999999998
68,960,474.487,320.532,456.23,404.093,0.0,0.0,469.23800000000006,508.443,445.781,445.817,487.39,430.127,490.168,495.323,469.1830000000001,351.965,490.072,349.35900000000004,0.0,0.0,3,508.318,320.522,529.08,396.255,0.0,0.0,495.276,573.591,0.0,0.0,510.952,430.13,526.515,510.935,511.0,349.319,0.8,1280,0.0008436408243139,-0.000919566489756,-0.0857228860259,-0.000968437001575,-0.0168386530131,-0.00158814212773,694.7045,553.9770000000002
69,960,469.292,320.656,450.996,401.4980000000001,0.0,0.0,492.664,583.9259999999999,451.044,445.8,469.159,440.572,487.486,513.614,461.409,357.117,484.89,354.56800000000004,0.0,0.0,3,503.1230000000001,320.67400000000004,518.755,403.965,0.0,0.0,508.237,581.368,531.776,443.127,497.961,440.523,521.368,510.98800000000006,508.309,354.584,0.8,1280,0.000374740950065,-0.0007877462194299,-0.0828421190381,0.00177586532664,-0.0112634571269,-0.0033296337351199,655.6034999999998,551.3725
70,960,463.986,320.699,448.464,404.052,0.0,0.0,477.082,596.967,474.467,406.693,466.63,443.12,471.843,524.013,451.022,359.795,471.891,359.69199999999995,0.0,0.0,3,490.068,320.725,508.33,403.98800000000006,0.0,0.0,511.046,583.984,511.082,406.67,492.67800000000005,437.983,518.7330000000001,510.973,495.331,359.712,0.8,1280,0.000560756307095,0.00233600870706,-0.0844900906086,0.00411297241226,-0.00411098822951,-0.0017781611532,636.1385,531.817
71,960,456.214,318.067,448.284,401.471,0.0,0.0,466.715,594.485,469.37,404.244,464.021,437.969,466.703,518.814,448.407,351.972,469.302,354.50699999999995,0.0,0.0,3,487.605,320.513,508.191,404.07,0.0,0.0,529.241,573.591,523.96,445.798,490.127,438.007,518.784,510.86300000000006,492.663,357.083,0.8,1280,0.00124732032418,0.0017674517585,-0.0747822746634,-0.000280253123492,-0.00173735676799,-0.00164411088917,634.867,517.488
72,960,469.174,317.972,451.021,391.035,0.0,0.0,466.626,602.206,0.0,0.0,466.755,432.725,469.182,523.995,464.02,346.805,482.261,349.31199999999995,0.0,0.0,3,497.898,320.573,508.329,403.937,0.0,0.0,550.082,568.248,526.564,432.739,495.378,430.232,521.388,508.364,500.524,351.956,0.8,1280,0.00190245651174,0.000327412766637,-0.0926907062531,-0.0083029372617599,-0.00339857698418,0.00266108475626,632.2439999999998,509.6230000000001
73,960,469.377,323.33,463.994,398.791,0.0,0.0,464.026,612.661,487.554,409.356,469.394,443.147,469.223,529.24,466.571,359.727,487.481,362.239,0.0,0.0,3,503.191,325.815,513.596,406.657,0.0,0.0,552.717,573.408,516.197,417.076,505.734,440.554,529.189,510.888,508.361,362.34,0.8,1280,0.000310728792101,0.000583471206482,-0.0975204631686,-0.00234803860076,0.000449656305136,0.0005932085332459,632.1895,522.6479999999998
74,960,482.319,344.043,466.515,385.9380000000001,0.0,0.0,458.784,633.508,469.256,362.404,484.912,463.957,471.862,550.145,469.36800000000005,377.94,490.215,380.528,0.0,0.0,3,508.286,344.055,0.0,0.0,0.0,0.0,552.69,591.774,0.0,0.0,511.067,453.672,534.476,529.315,511.05,383.09,0.8,1280,0.0021547737997,-0.00128794275224,-0.117071904242,0.00220791506581,0.00344437989406,-0.00158130284399,638.6315,540.9145
3,960,268.5,510.9,198.077,604.797,0.0,0.0,252.891,857.699,0.0,0.0,239.785,675.2330000000001,242.507,771.6,239.861,555.354,276.24,563.09,328.436,526.575,0,317.944,516.179,310.192,625.695,325.84,513.5840000000001,218.98,870.7080000000001,333.645,675.184,281.635,677.823,286.783,776.8739999999999,302.494,568.21,0.8,1280,-0.002506329678,-0.00150416907854,-0.00300743570551,-0.0002576990809759,-0.0005081809940749,-0.000142223012517,280.164,667.3495
3,960,763.8480000000001,404.167,677.8560000000001,630.861,0.0,0.0,0.0,0.0,685.625,737.7,716.921,818.5319999999999,672.5010000000001,951.576,711.672,487.541,797.7460000000001,505.765,0.0,0.0,1,844.758,419.666,904.675,683.008,0.0,0.0,0.0,0.0,901.945,810.7439999999999,842.056,818.576,0.0,0.0,888.956,518.835,0.8,1280,-0.002506329678,-0.00150416907854,-0.00300743570551,-0.0002576990809759,-0.0005081809940749,-0.000142223012517,769.0305,804.262
4,960,278.901,508.4,200.68400000000003,583.972,0.0,0.0,250.264,860.306,0.0,0.0,245.115,672.63,250.29,766.41,252.814,552.684,281.569,557.943,0.0,0.0,0,323.243,516.234,320.647,630.891,0.0,0.0,255.465,855.047,341.50300000000004,675.097,291.998,677.706,299.721,766.4010000000001,318.013,568.264,0.8,1280,-0.003332486609,-0.0013286672765399,-0.00130768446252,-0.000553422956727,-0.00046999490587,0.000595678226091,284.1380000000001,659.5735
4,960,761.138,406.77,677.808,633.552,0.0,0.0,0.0,0.0,685.6669999999999,735.178,716.8860000000001,813.3589999999999,672.565,951.568,709.05,487.499,795.13,505.744,0.0,0.0,1,841.9760000000001,424.853,904.497,680.424,0.0,0.0,0.0,0.0,902.008,805.6030000000001,841.9739999999999,813.341,0.0,0.0,886.29,518.794,0.8,1280,-0.003332486609,-0.0013286672765399,-0.00130768446252,-0.000553422956727,-0.00046999490587,0.000595678226091,756.015,795.1020000000002
5,960,281.596,508.446,0.0,0.0,0.0,0.0,260.66200000000003,860.198,0.0,0.0,257.946,667.39,258.112,763.788,258.088,552.664,284.26,555.367,0.0,0.0,0,325.927,516.164,323.266,628.2130000000001,0.0,0.0,281.617,844.6,344.212,667.4169999999999,299.891,672.5210000000001,307.67,758.695,320.631,563.133,0.8,1280,-0.00369820231572,-0.00170822208747,-0.0005725350929419,-0.000426943093771,-0.0008685706416139,0.000635966658592,285.4935000000001,658.2705000000002
5,960,758.584,409.336,675.291,633.42,0.0,0.0,0.0,0.0,688.19,732.574,716.865,810.7439999999999,675.1510000000001,933.32,703.8610000000001,487.524,789.8839999999999,505.781,0.0,0.0,1,839.35,424.896,896.796,680.446,0.0,0.0,0.0,0.0,894.1289999999999,803.0160000000001,836.831,813.3860000000001,870.7230000000001,951.632,883.716,523.925,0.8,1280,-0.00369820231572,-0.00170822208747,-0.0005725350929419,-0.000426943093771,-0.0008685706416139,0.000635966658592,736.4705,780.74
5,960,1055.85,440.609,1053.12,693.446,0.0,0.0,0.0,0.0,1021.89,821.1030000000001,1126.17,852.475,0.0,0.0,1058.43,529.158,1157.39,526.566,0.0,0.0,2,1173.02,430.219,0.0,0.0,0.0,0.0,0.0,0.0,0.0,0.0,1261.84,873.314,0.0,0.0,1259.21,521.4119999999999,0.8,1280,-0.00369820231572,-0.00170822208747,-0.0005725350929419,-0.000426943093771,-0.0008685706416139,0.000635966658592,1163.98,812.0730000000002
6,960,284.235,508.357,200.843,604.778,0.0,0.0,260.757,857.699,198.081,623.109,255.441,667.3489999999999,260.585,761.302,245.049,555.321,284.125,560.508,0.0,0.0,0,333.70300000000003,516.172,325.956,623.0369999999999,0.0,0.0,318.013,826.398,346.69,662.2310000000001,302.382,667.35,320.587,745.539,323.215,565.711,0.8,1280,-0.0050520603545,-0.00222103227861,-0.000248821219429,0.000470038183266,-0.00100779440254,-0.0005929475883019,301.1815,658.27
6,960,748.176,409.255,672.5989999999999,625.686,0.0,0.0,0.0,0.0,677.927,719.5939999999999,711.665,802.948,672.563,951.557,698.691,487.5,782.12,505.74300000000005,0.0,0.0,1,826.393,422.335,886.4730000000001,675.242,0.0,0.0,0.0,0.0,886.454,802.938,826.3960000000001,805.576,865.5189999999999,951.622,873.298,518.8240000000001,0.8,1280,-0.0050520603545,-0.00222103227861,-0.000248821219429,0.000470038183266,-0.00100779440254,-0.0005929475883019,711.683,765.105
6,960,1063.6,448.395,1050.65,693.3969999999999,0.0,0.0,0.0,0.0,1024.48,815.949,1118.42,839.418,0.0,0.0,1058.44,529.156,1157.41,526.538,0.0,0.0,2,1173.07,432.819,0.0,0.0,0.0,0.0,0.0,0.0,0.0,0.0,1256.57,855.077,0.0,0.0,1261.73,523.976,0.8,1280,-0.0050520603545,-0.00222103227861,-0.000248821219429,0.000470038183266,-0.00100779440254,-0.0005929475883019,1149.685,801.5885000000002
7,960,294.586,508.306,216.261,586.571,0.0,0.0,260.661,852.425,198.197,615.318,260.688,662.127,260.569,761.2130000000001,255.501,552.7130000000001,294.538,555.297,346.741,513.573,0,336.309,513.516,331.056,617.807,344.152,510.852,341.402,802.961,346.767,662.202,307.663,659.576,328.487,737.689,323.362,560.4590000000001,0.8,1280,-0.00851516611874,-0.00305527914315,-0.0055602085776599,0.00222370936535,-0.00162969611119,-0.0029548231978,320.563,643.9024999999998
7,960,748.1519999999999,406.732,669.9810000000001,636.0169999999999,0.0,0.0,0.0,0.0,677.9069999999999,722.1439999999999,703.8330000000001,797.705,675.065,927.997,696.076,487.449,779.4910000000001,505.664,0.0,0.0,1,829.008,417.086,883.61,675.125,0.0,0.0,0.0,0.0,875.928,795.14,821.097,800.285,852.443,951.582,865.5160000000001,518.739,0.8,1280,-0.00851516611874,-0.00305527914315,-0.0055602085776599,0.00222370936535,-0.00162969611119,-0.0029548231978,694.7365,746.8489999999998
7,960,1058.44,445.887,1050.56,685.59,0.0,0.0,0.0,0.0,1019.35,808.118,1118.42,823.7639999999999,0.0,0.0,1058.45,529.077,1157.4,523.989,0.0,0.0,2,1167.92,432.759,0.0,0.0,0.0,0.0,0.0,0.0,0.0,0.0,1251.35,831.59,0.0,0.0,1259.18,521.355,0.8,1280,-0.00851516611874,-0.00305527914315,-0.0055602085776599,0.00222370936535,-0.00162969611119,-0.0029548231978,1136.595,785.988
8,960,297.157,508.219,213.746,597.034,0.0,0.0,258.166,849.918,200.799,617.894,260.583,659.5930000000001,258.208,761.143,258.03,552.614,297.203,555.266,0.0,0.0,0,338.905,513.655,336.332,617.8530000000001,0.0,0.0,351.908,782.1010000000001,344.28,664.807,307.588,659.554,336.338,711.648,331.07300000000004,557.945,0.8,1280,-0.00802170764655,-0.00154948711861,-0.0134228663519,0.00342131778598,-0.0019882901106,-0.00265276734717,324.6355,613.9390000000002
8,960,740.304,404.12,657.061,617.873,0.0,0.0,0.0,0.0,675.291,716.918,698.684,792.5139999999999,669.9760000000001,928.128,693.3439999999999,484.924,771.6519999999999,503.068,0.0,0.0,1,823.7589999999999,419.669,865.5,664.742,0.0,0.0,0.0,0.0,865.41,782.148,813.346,797.69,836.836,951.606,857.66,513.637,0.8,1280,-0.00802170764655,-0.00154948711861,-0.0134228663519,0.00342131778598,-0.0019882901106,-0.00265276734717,676.4615,718.2135000000002
8,960,1053.21,445.823,1045.35,685.6289999999999,0.0,0.0,0.0,0.0,1014.11,802.967,1113.2,826.3960000000001,0.0,0.0,1055.8,526.636,1154.8,523.994,0.0,0.0,2,1157.57,440.609,0.0,0.0,0.0,0.0,0.0,0.0,0.0,0.0,1238.33,831.615,0.0,0.0,1253.88,523.991,0.8,1280,-0.00802170764655,-0.00154948711861,-0.0134228663519,0.00342131778598,-0.0019882901106,-0.00265276734717,1110.565,759.9275
9,960,302.365,508.215,216.45,609.943,0.0,0.0,258.159,849.8610000000001,213.701,620.482,260.692,659.5260000000001,260.706,758.71,260.619,552.746,299.847,555.2769999999999,0.0,0.0,0,344.173,511.09,341.51800000000003,615.307,0.0,0.0,362.465,763.89,346.8,662.1339999999999,305.079,657.0139999999999,336.282,716.834,341.352,557.836,0.8,1280,-0.00750658335164,2.43392587436e-05,-0.0180765353143,0.00401153136045,-0.00235051498748,-0.00360160693526,324.5805000000001,581.3534999999998
9,960,735.175,404.042,654.378,625.681,0.0,0.0,0.0,0.0,675.091,714.2339999999999,695.9860000000001,789.895,662.168,928.008,677.878,487.376,761.113,500.478,0.0,0.0,1,805.585,409.288,857.7139999999999,662.163,0.0,0.0,0.0,0.0,855.0989999999999,787.2610000000001,803.008,792.49,823.7410000000001,951.61,844.578,511.011,0.8,1280,-0.00750658335164,2.43392587436e-05,-0.0180765353143,0.00401153136045,-0.00235051498748,-0.00360160693526,658.2940000000001,696.0210000000001
9,960,1055.85,448.404,1040.12,680.451,0.0,0.0,0.0,0.0,1014.05,800.288,1113.13,826.378,0.0,0.0,1053.27,526.564,1154.89,523.984,0.0,0.0,2,1157.57,443.17800000000005,0.0,0.0,0.0,0.0,0.0,0.0,0.0,0.0,1238.21,839.449,0.0,0.0,1253.96,526.607,0.8,1280,-0.00750658335164,2.43392587436e-05,-0.0180765353143,0.00401153136045,-0.00235051498748,-0.00360160693526,1080.505,722.1030000000002
10,960,307.575,505.79,221.649,604.7959999999999,0.0,0.0,255.436,847.3530000000001,245.062,641.3,263.363,656.9730000000001,260.744,758.569,265.91,552.5740000000001,304.996,552.784,0.0,0.0,0,351.975,513.567,344.094,617.887,0.0,0.0,365.062,758.57,351.899,664.727,307.624,659.5419999999999,338.955,716.9630000000001,344.065,557.88,0.8,1280,-0.00554006779566,-0.000125848426251,-0.0333398096263,0.00519161112607,-0.00130892568268,-0.00449080578983,325.918,557.9075
10,960,724.745,401.516,649.131,615.155,0.0,0.0,0.0,0.0,656.852,698.664,685.6,779.409,662.1560000000001,904.599,675.221,484.881,755.91,497.883,0.0,0.0,1,800.3739999999999,406.79,844.584,656.967,0.0,0.0,0.0,0.0,841.9789999999999,776.805,787.341,782.071,808.1469999999999,951.577,836.775,510.981,0.8,1280,-0.00554006779566,-0.000125848426251,-0.0333398096263,0.00519161112607,-0.00130892568268,-0.00449080578983,655.6239999999999,672.5895
10,960,1053.32,448.422,1032.47,677.82,0.0,0.0,0.0,0.0,1011.49,795.059,1107.9,808.172,1120.96,951.621,1050.67,526.552,1152.18,526.5880000000001,0.0,0.0,2,1154.88,445.753,0.0,0.0,0.0,0.0,0.0,0.0,0.0,0.0,1220.06,815.9739999999999,0.0,0.0,1246.13,529.169,0.8,1280,-0.00554006779566,-0.000125848426251,-0.0333398096263,0.00519161112607,-0.00130892568268,-0.00449080578983,1063.595,705.137
11,960,310.244,508.24,237.1,599.625,0.0,0.0,252.873,847.322,258.1,638.753,278.843,656.9989999999999,260.789,758.596,276.311,550.111,312.862,552.7180000000001,0.0,0.0,0,354.515,513.564,346.73400000000004,620.431,0.0,0.0,364.877,758.53,357.117,669.921,320.663,659.6010000000001,338.889,714.316,346.684,555.3480000000001,0.8,1280,-0.000360995531082,0.001836399897,-0.0541383698583,0.00489369919524,0.00226568151265,-4.01824690925e-05,342.7525,537.0474999999999
11,960,719.427,401.449,638.737,609.995,0.0,0.0,0.0,0.0,651.6469999999999,696.0039999999999,677.7460000000001,774.221,656.919,901.926,667.3530000000001,482.256,740.4,492.765,0.0,0.0,1,789.9019999999999,406.737,831.6439999999999,654.326,0.0,0.0,0.0,0.0,826.347,769.01,779.424,776.816,800.232,951.592,823.716,508.432,0.8,1280,-0.000360995531082,0.001836399897,-0.0541383698583,0.00489369919524,0.00226568151265,-4.01824690925e-05,669.9845,634.78
11,960,1053.1,448.36,1032.23,672.595,0.0,0.0,0.0,0.0,1008.92,782.1360000000001,1097.48,802.909,1115.77,951.604,1048.01,524.023,1147.01,526.623,0.0,0.0,2,1152.27,445.775,1269.55,664.753,0.0,0.0,0.0,0.0,0.0,0.0,1214.77,808.1439999999999,1152.27,951.583,1243.48,531.721,0.8,1280,-0.000360995531082,0.001836399897,-0.0541383698583,0.00489369919524,0.00226568151265,-4.01824690925e-05,1071.45,681.6880000000001
12,960,318.004,508.203,239.775,607.447,0.0,0.0,247.628,847.3389999999999,265.959,638.716,279.016,656.939,263.38,758.4730000000001,278.948,550.056,320.55,552.682,0.0,0.0,0,359.73800000000006,511.018,359.672,615.251,0.0,0.0,354.56,761.278,362.237,659.6360000000001,323.347,659.6139999999999,338.901,714.253,357.086,555.381,0.8,1280,0.00152169167995,0.00272768549621,-0.0570980422199,0.00133166951127,0.0033832986373499,0.000513591454364,359.76199999999994,516.1949999999998
12,960,711.701,398.897,633.51,607.423,0.0,0.0,651.6469999999999,951.637,638.7330000000001,690.798,662.158,761.186,654.327,883.727,657.062,477.116,737.658,490.17800000000005,0.0,0.0,1,779.566,409.284,821.2139999999999,646.553,0.0,0.0,0.0,0.0,821.0260000000001,761.191,761.2080000000001,769.0239999999999,784.7610000000001,951.573,813.398,508.311,0.8,1280,0.00152169167995,0.00272768549621,-0.0570980422199,0.00133166951127,0.0033832986373499,0.000513591454364,690.7805000000002,600.87
12,960,1053.2,448.507,1027.1,664.7689999999999,0.0,0.0,0.0,0.0,1006.21,776.834,1094.91,800.275,1113.18,951.598,1042.73,526.531,1139.24,526.58,0.0,0.0,2,1154.81,445.707,1264.32,675.22,0.0,0.0,0.0,0.0,1235.66,769.0260000000001,1204.46,802.9019999999999,1139.33,951.576,1238.33,529.306,0.8,1280,0.00152169167995,0.00272768549621,-0.0570980422199,0.00133166951127,0.0033832986373499,0.000513591454364,1085.745,655.63
13,960,323.19,505.686,242.514,604.788,0.0,0.0,245.128,841.944,276.382,636.072,284.17900000000003,651.738,273.694,743.052,284.112,547.489,323.191,552.587,0.0,0.0,0,364.982,513.525,362.325,615.235,0.0,0.0,346.705,761.352,364.846,659.633,325.849,656.8760000000001,338.81,711.6510000000001,362.251,555.303,0.8,1280,0.000932178460062,0.00207194965333,-0.075460806489,-0.00115601241123,0.00512861600146,0.00047796650324,372.881,509.6485
13,960,703.8839999999999,401.459,628.2,599.638,0.0,0.0,641.3330000000001,951.636,636.097,683.0219999999999,654.376,753.4,643.962,883.7489999999999,654.2919999999999,471.882,722.206,487.576,0.0,0.0,1,774.257,406.777,810.7410000000001,638.7719999999999,0.0,0.0,0.0,0.0,803.049,748.1460000000001,748.2,761.209,776.826,951.563,802.949,503.165,0.8,1280,0.000932178460062,0.00207194965333,-0.075460806489,-0.00115601241123,0.00512861600146,0.00047796650324,711.6085,585.2545
13,960,1053.21,448.503,1016.7,659.625,0.0,0.0,0.0,0.0,993.248,763.87,1084.51,787.299,1100.15,951.574,1037.6,518.776,1136.53,521.386,0.0,0.0,2,1149.66,448.301,1261.87,643.89,0.0,0.0,0.0,0.0,1256.51,750.7760000000001,1196.59,792.4989999999999,1131.34,951.538,1233.09,529.087,0.8,1280,0.000932178460062,0.00207194965333,-0.075460806489,-0.00115601241123,0.00512861600146,0.00047796650324,1113.22,651.76
14,960,333.64300000000003,495.334,258.119,596.938,0.0,0.0,245.046,841.921,289.358,630.86,299.66200000000003,641.3,279.022,737.7819999999999,291.934,539.653,325.97,549.966,0.0,0.0,0,370.202,508.382,367.549,609.974,0.0,0.0,346.75300000000004,761.184,367.584,654.385,341.464,646.505,344.01,701.306,364.947,552.633,0.8,1280,-0.000505567179061,0.000857112405356,-0.073907956481,-0.0033201801125,0.00622348906472,-3.96904324589e-05,392.30550000000005,507.006
14,960,698.6039999999999,401.4380000000001,615.376,591.745,0.0,0.0,636.0509999999999,951.637,630.866,677.8530000000001,649.092,740.3380000000001,636.194,873.291,651.643,466.69,719.416,484.817,0.0,0.0,1,761.1460000000001,409.254,802.8330000000001,630.909,0.0,0.0,0.0,0.0,797.615,737.753,740.3810000000001,753.36,766.4789999999999,930.671,795.1080000000001,492.771,0.8,1280,-0.000505567179061,0.000857112405356,-0.073907956481,-0.0033201801125,0.00622348906472,-3.96904324589e-05,739.0219999999998,593.0545
15,960,338.901,487.576,268.496,583.911,0.0,0.0,255.44,821.203,299.661,615.237,302.356,630.789,284.263,716.9810000000001,302.325,529.2959999999999,341.398,531.911,0.0,0.0,0,380.497,497.945,375.389,594.367,0.0,0.0,346.778,750.811,377.986,638.741,344.167,633.512,346.675,695.992,370.229,539.636,0.8,1280,0.000440986594185,-0.00263505103067,-0.0780176818371,0.00104402005672,0.00588300731033,-0.00552558526397,413.21,511.0125
15,960,695.9910000000001,385.796,615.1419999999999,581.307,0.0,0.0,633.313,951.619,628.26,667.3439999999999,636.186,719.552,636.019,865.585,641.307,458.793,714.275,469.316,0.0,0.0,1,758.6,393.68,795.1089999999999,615.352,0.0,0.0,0.0,0.0,782.09,719.46,729.923,735.12,753.4119999999999,881.1410000000001,782.174,487.401,0.8,1280,0.000440986594185,-0.00263505103067,-0.0780176818371,0.00104402005672,0.00588300731033,-0.00552558526397,761.2865,638.6800000000002
16,960,341.482,474.517,271.137,568.346,0.0,0.0,258.125,797.683,299.753,597.035,305.073,612.604,299.689,698.591,304.967,513.59,341.54400000000004,521.376,0.0,0.0,0,380.562,487.475,380.5580000000001,573.655,0.0,0.0,344.24,740.466,383.0630000000001,620.4159999999999,349.30400000000003,615.274,344.23,685.571,375.366,526.596,0.8,1280,0.00265095103532,-0.00224962504581,-0.0841003581882,0.00267589767464,0.011224324815,-0.00592716271058,449.647,510.892
16,960,690.81,383.084,604.802,570.847,0.0,0.0,625.686,951.622,612.7180000000001,654.3919999999999,633.413,714.328,633.381,844.665,635.999,448.342,701.328,464.009,0.0,0.0,1,750.822,388.44,782.0110000000001,604.7719999999999,0.0,0.0,758.596,951.637,776.8960000000001,698.592,719.51,722.0989999999999,740.4730000000001,862.813,779.3789999999999,474.468,0.8,1280,0.00265095103532,-0.00224962504581,-0.0841003581882,0.00267589767464,0.011224324815,-0.00592716271058,792.5519999999998,636.113
17,960,341.483,466.52,276.259,550.082,0.0,0.0,260.728,763.865,299.826,589.081,307.571,594.318,310.283,675.177,304.966,503.131,341.591,508.391,0.0,0.0,0,380.616,471.847,380.538,565.745,0.0,0.0,258.017,769.085,383.252,607.424,344.19800000000004,599.637,305.031,680.4,377.957,511.008,0.8,1280,0.00352245150134,-0.00119475752581,-0.0771016776561999,0.00450999103487,0.0127692716196,-0.0043293973431,481.0175,510.9345
17,960,677.898,370.168,596.95,555.284,0.0,0.0,612.669,951.607,607.375,643.875,617.925,698.628,620.428,839.4689999999999,630.863,440.534,696.122,448.518,0.0,0.0,1,740.2860000000001,383.262,776.878,591.734,0.0,0.0,737.862,951.626,763.828,677.7660000000001,706.451,709.087,735.064,839.3530000000001,766.4069999999999,466.602,0.8,1280,0.00352245150134,-0.00119475752581,-0.0771016776561999,0.00450999103487,0.0127692716196,-0.0043293973431,832.9010000000002,632.1865
18,960,338.87800000000004,453.599,271.127,534.464,0.0,0.0,260.6,737.8539999999999,294.523,570.85,302.469,576.146,302.514,657.0210000000001,299.87,490.091,341.345,492.777,383.034,469.199,0,375.384,466.565,375.442,550.143,383.187,466.535,323.418,722.153,383.302,591.806,344.101,586.561,336.23800000000006,656.998,367.69,503.138,0.8,1280,0.00282993190922,-0.00104724580888,-0.0771505981683999,0.0023270456586,0.0117459818721,-0.00324217579328,525.2835,508.2795
18,960,675.0880000000001,362.247,591.691,550.02,0.0,0.0,604.757,951.614,591.847,633.49,615.225,695.966,612.518,834.24,617.905,427.533,688.181,443.15,0.0,0.0,1,732.555,372.773,763.928,573.464,0.0,0.0,722.207,951.616,758.6010000000001,659.6239999999999,701.363,696.076,719.6010000000001,826.413,758.5419999999999,451.085,0.8,1280,0.00282993190922,-0.00104724580888,-0.0771505981683999,0.0023270456586,0.0117459818721,-0.00324217579328,879.85,626.9825
19,960,338.923,445.842,265.925,526.5369999999999,0.0,0.0,323.23400000000004,714.22,265.927,534.388,305.04400000000004,568.288,312.812,643.876,302.353,484.853,341.38699999999994,487.619,0.0,0.0,0,380.496,453.673,377.971,542.2,0.0,0.0,320.79400000000004,716.837,383.23800000000006,576.141,344.117,573.469,325.829,649.1080000000001,370.146,492.692,0.8,1280,0.00259313127026,0.000410177541198,-0.0948421955109,0.000944394792896,0.00986293051392,-0.000629911781289,565.6800000000002,494.0425
19,960,664.757,354.49,583.911,534.464,0.0,0.0,596.9490000000001,951.631,578.722,630.909,612.567,685.635,597.055,844.553,615.24,424.791,680.437,430.174,0.0,0.0,1,724.7,365.013,758.694,565.71,0.0,0.0,714.284,951.574,750.796,654.322,698.66,683.02,714.291,805.613,755.92,445.735,0.8,1280,0.00259313127026,0.000410177541198,-0.0948421955109,0.000944394792896,0.00986293051392,-0.000629911781289,928.0785,630.856
20,960,341.341,440.572,276.368,513.5980000000001,0.0,0.0,284.251,695.946,278.967,529.0980000000001,305.087,552.742,317.942,633.342,302.47,469.399,341.516,479.632,0.0,0.0,0,378.005,448.324,380.643,531.779,0.0,0.0,320.718,706.518,385.986,568.211,346.749,563.073,336.33,636.045,372.817,487.359,0.8,1280,0.00233502360061,0.000316854711855,-0.104068256915,0.0012299263617,0.00972764659673,-0.00124235125259,600.9525,490.141
20,960,669.9989999999999,344.202,586.485,537.0169999999999,0.0,0.0,594.429,951.596,573.6709999999999,625.675,612.5880000000001,672.5939999999999,597.075,810.75,615.2040000000001,411.956,680.47,424.951,0.0,0.0,1,724.7139999999999,362.285,761.132,552.633,0.0,0.0,714.2539999999999,920.247,748.184,641.34,698.6339999999999,672.585,711.703,789.865,755.945,437.955,0.8,1280,0.00233502360061,0.000316854711855,-0.104068256915,0.0012299263617,0.00972764659673,-0.00124235125259,961.9815,653.011
21,960,341.569,427.597,281.493,503.103,0.0,0.0,305.057,675.273,281.592,511.049,320.509,547.389,323.273,615.242,310.189,464.021,344.05400000000003,466.763,385.919,445.66,0,380.522,435.38,385.832,513.555,385.859,435.312,323.195,693.3810000000001,391.102,550.129,349.385,550.064,341.475,617.925,377.951,471.804,0.8,1280,0.0030075579416,0.000550317578018,-0.101808905602,0.00224759220146,0.0086217485368299,-0.00125453528017,636.077,488.787
21,960,670.0060000000001,338.922,591.643,521.433,0.0,0.0,597.023,951.572,576.133,612.525,615.327,654.311,602.168,800.221,617.82,404.046,683.0360000000001,411.96,0.0,0.0,1,724.748,346.77,761.243,542.265,0.0,0.0,716.87,881.1060000000001,748.221,633.461,701.216,654.345,714.2669999999999,771.6139999999999,755.9939999999999,425.025,0.8,1280,0.0030075579416,0.000550317578018,-0.101808905602,0.00224759220146,0.0086217485368299,-0.00125453528017,1015.4665,679.1339999999999
22,960,346.713,419.727,289.358,495.345,0.0,0.0,336.266,672.618,302.475,518.7719999999999,323.214,531.867,338.792,612.524,320.525,450.945,351.95300000000003,456.256,0.0,0.0,0,385.821,427.4330000000001,393.62,510.955,0.0,0.0,323.408,677.962,401.455,549.995,362.291,542.2280000000001,344.093,612.693,385.747,466.526,0.8,1280,0.0016133249737299,0.00215495820157,-0.100683629513,0.00330820283853,0.00419168872759,-0.000795315485448,668.6935,490.116
23,960,359.657,406.728,302.465,487.388,0.0,0.0,346.741,654.244,323.187,510.956,336.298,529.0740000000001,346.73900000000003,596.94,325.904,443.226,362.359,448.301,0.0,0.0,0,388.534,417.139,401.519,497.94,0.0,0.0,325.882,672.613,406.605,529.078,367.55300000000005,531.731,349.326,597.039,391.024,450.981,0.8,1280,0.000579288287554,0.00326289981604,-0.10674829036,0.000970282708295,0.00518245669082,0.00100920489058,679.0905,491.4025
24,960,375.382,404.036,315.385,471.856,364.931,391.014,383.241,607.386,325.847,495.315,370.199,516.18,375.392,573.467,344.004,430.165,372.80300000000005,440.526,362.272,396.293,0,401.486,404.19,411.866,484.856,0.0,0.0,336.24,659.622,411.87,516.1669999999999,364.931,516.21,351.95,591.659,403.982,445.67800000000005,0.8,1280,0.00216728961095,0.00334962946363,-0.112410597503,-0.00447305385023,0.008196875453,0.0083684325218199,697.383,491.4205
25,960,367.671,396.288,320.611,471.874,0.0,0.0,403.974,594.305,341.592,490.203,351.971,510.907,383.288,568.32,343.99800000000005,427.554,380.497,430.226,0.0,0.0,0,406.674,404.068,411.872,484.881,0.0,0.0,336.284,656.905,422.305,513.649,383.287,513.582,362.339,586.523,406.682,440.531,0.8,1280,0.00415676785633,0.00185157172382,-0.131786957383,-0.00441457657143,0.0104773016647,0.00976142380387,718.2629999999998,493.995
26,960,375.42800000000005,393.6830000000001,323.339,471.913,0.0,0.0,409.372,594.35,349.32199999999995,490.185,359.796,508.339,391.077,563.087,346.68,427.484,383.194,430.1,0.0,0.0,0,406.768,403.92800000000005,419.751,484.784,0.0,0.0,338.91900000000004,654.236,424.883,513.632,385.966,510.958,365.028,578.724,409.349,435.337,0.8,1280,0.00179185473826,0.000195612301468,-0.148747295141,-0.00316171883605,0.00827095936984,0.00883320625871,769.1039999999999,507.0935
27,960,383.236,393.679,336.236,466.574,0.0,0.0,414.503,591.7919999999999,341.557,474.484,364.98800000000006,505.68,401.42800000000005,555.295,362.282,424.96,385.935,427.584,0.0,0.0,0,411.958,401.483,424.903,474.523,0.0,0.0,344.009,649.053,430.091,513.58,391.105,508.307,375.404,573.568,417.111,432.706,0.8,1280,-0.00186134839896,-0.00167319946922,-0.118063278496,0.00125922367442,0.00614229822531,0.00329506024718,801.685,527.8254999999998
32,960,445.658,401.423,403.996,474.484,0.0,0.0,450.971,620.496,422.331,492.74300000000005,432.721,510.897,448.332,568.349,422.355,430.157,448.394,435.312,0.0,0.0,0,469.354,404.11,484.842,484.824,0.0,0.0,463.98800000000006,620.474,492.708,513.595,466.573,508.442,482.249,563.139,474.504,437.923,0.8,1280,-0.00164870079607,0.0050241923891,-0.113372981548,-0.0013213714119,-0.0142651461065,0.000305463501718,860.2395,509.739
32,960,0.0,0.0,0.0,0.0,0.0,0.0,6.5107,672.502,0.0,0.0,6.46001,487.483,6.448169999999999,581.311,0.0,0.0,6.45654,359.665,59.9282,323.30400000000003,3,31.2286,323.29900000000004,49.5061,409.337,52.0551,320.6,174.77200000000002,599.635,104.259,406.74,26.0191,484.883,104.28,531.811,28.7007,357.085,0.8,1280,-0.00164870079607,0.0050241923891,-0.113372981548,-0.0013213714119,-0.0142651461065,0.000305463501718,540.91,437.932
33,960,466.529,404.11800000000005,427.461,474.485,0.0,0.0,466.752,633.493,445.676,492.753,451.023,508.455,466.573,573.487,445.736,435.332,469.267,437.957,0.0,0.0,0,492.734,406.661,505.641,484.925,0.0,0.0,490.041,617.887,513.604,516.135,484.901,510.887,500.515,565.69,492.781,440.505,0.8,1280,-0.00228930683807,0.00111219403334,-0.0991004258394,-0.0015951046953,-0.0157748367637,0.00147435313556,840.7750000000002,522.716
33,960,46.8809,331.041,0.0,0.0,0.0,0.0,6.45481,675.077,0.0,0.0,41.6938,482.287,28.7839,573.498,31.3164,367.576,57.3405,367.57,0.0,0.0,3,88.5838,336.32300000000004,109.527,424.854,0.0,0.0,211.095,612.518,135.563,409.258,86.0712,479.673,153.849,534.429,88.62299999999999,365.111,0.8,1280,-0.00228930683807,0.00111219403334,-0.0991004258394,-0.0015951046953,-0.0157748367637,0.00147435313556,525.2915,441.8705
34,960,474.519,404.08,445.707,474.485,0.0,0.0,487.48800000000006,633.391,456.266,490.028,469.253,510.934,471.94,573.471,463.9380000000001,437.955,487.415,440.582,0.0,0.0,0,508.36300000000006,406.697,516.145,484.92800000000005,0.0,0.0,487.48800000000006,628.286,531.847,516.127,492.782,511.016,487.514,573.451,508.36300000000006,443.095,0.8,1280,-0.00201484444551,0.00276859570295,-0.0785932615399,-0.00199647713453,-0.0137173086405,0.00435001263395,813.3050000000002,521.3875
34,960,0.0,0.0,140.761,424.847,0.0,0.0,31.2352,672.575,159.062,424.884,83.3952,490.075,70.4862,578.785,73.1013,380.5630000000001,96.4026,380.638,135.576,344.094,3,114.684,344.074,148.593,432.721,132.925,341.4,234.547,612.526,185.102,422.345,127.684,490.045,192.82,534.401,117.402,383.097,0.8,1280,-0.00201484444551,0.00276859570295,-0.0785932615399,-0.00199647713453,-0.0137173086405,0.00435001263395,499.171,432.77
35,960,492.821,406.628,466.526,474.448,0.0,0.0,492.718,633.501,487.43,495.314,490.061,510.961,492.735,573.619,482.261,440.567,505.765,443.102,0.0,0.0,0,526.627,406.797,531.9019999999999,487.395,0.0,0.0,560.51,607.443,552.545,513.578,513.6619999999999,510.935,547.408,555.297,529.086,443.204,0.8,1280,-0.00165415136144,0.000833192956634,-0.0679731592536,-0.00145663111471,-0.00903804786503,0.00428974116221,797.6295,517.4895
35,960,0.0,0.0,177.32,424.991,0.0,0.0,70.4011,656.98,200.739,424.943,135.52,487.5,138.185,573.547,122.51,380.653,138.15,383.142,174.71400000000003,346.811,3,153.89600000000002,346.67900000000003,179.84900000000002,432.723,172.08599999999998,344.06,252.895,612.531,226.828,424.975,166.84,487.397,226.843,531.883,156.379,383.212,0.8,1280,-0.00165415136144,0.000833192956634,-0.0679731592536,-0.00145663111471,-0.00903804786503,0.00428974116221,479.654,439.2895
36,960,526.562,401.476,490.106,469.324,0.0,0.0,591.826,594.3,510.899,490.195,513.58,508.261,565.695,552.626,510.898,427.642,531.754,430.225,0.0,0.0,0,552.72,406.58,552.724,477.042,0.0,0.0,510.899,630.805,573.491,508.265,536.987,508.298,518.746,570.938,552.552,437.917,0.8,1280,-0.00214399793185,0.000768001831602,-0.127536088228,-0.0069528631866,-0.00107987853698,0.0073240366764399,801.722,509.631
36,960,171.984,344.16,174.65599999999998,419.704,0.0,0.0,130.26,630.807,0.0,0.0,177.157,477.035,195.406,568.3009999999999,156.546,378.011,179.856,377.961,213.812,344.23900000000003,3,198.193,344.061,221.691,427.446,213.709,341.551,276.33,607.347,247.653,422.271,213.738,474.443,260.696,531.797,200.822,375.381,0.8,1280,-0.00214399793185,0.000768001831602,-0.127536088228,-0.0069528631866,-0.00107987853698,0.0073240366764399,481.0665,437.98800000000006
37,960,547.448,398.893,513.5980000000001,469.143,0.0,0.0,529.057,617.9209999999999,531.763,487.608,534.422,500.555,534.393,565.711,531.771,427.483,552.742,427.617,0.0,0.0,0,576.18,404.019,578.7330000000001,471.832,0.0,0.0,612.538,591.711,596.94,505.766,568.229,503.136,576.113,552.6669999999999,576.1030000000001,430.211,0.8,1280,-0.0032703045289999,-0.00204601907171,-0.118881225586,-0.00569927738979,-0.000517836771905,0.00866028852761,818.565,531.8915
37,960,198.123,338.81199999999995,0.0,0.0,0.0,0.0,195.475,594.475,0.0,0.0,211.191,461.398,247.657,539.599,192.853,367.604,208.527,367.541,237.36,341.50699999999995,3,226.799,338.801,250.306,414.476,237.282,336.259,289.358,604.793,281.485,443.165,237.315,456.206,281.585,526.5269999999999,224.156,365.065,0.8,1280,-0.0032703045289999,-0.00204601907171,-0.118881225586,-0.00569927738979,-0.000517836771905,0.00866028852761,497.9895,458.8145
38,960,565.6759999999999,398.797,531.977,464.059,0.0,0.0,617.837,594.347,550.118,487.435,555.225,492.736,597.006,549.95,550.131,424.969,571.008,427.507,0.0,0.0,0,591.85,401.4980000000001,594.51,469.342,0.0,0.0,531.875,615.378,615.177,508.242,576.135,495.349,560.5169999999999,555.317,591.873,427.664,0.8,1280,-0.0040309666656,0.000472270243336,-0.105727106333,0.00224629929289,0.00113408081234,0.0051104305312,830.2715000000002,555.2529999999998
38,960,0.0,0.0,247.659,403.98800000000006,0.0,0.0,239.765,591.864,273.711,396.29,239.757,448.421,279.001,526.549,216.372,362.325,224.237,362.351,258.213,338.94300000000004,3,242.471,331.066,237.161,406.592,258.09,331.115,299.897,604.776,273.709,406.787,255.429,448.387,294.521,526.543,237.13,362.366,0.8,1280,-0.0040309666656,0.000472270243336,-0.105727106333,0.00224629929289,0.00113408081234,0.0051104305312,508.324,471.859
39,960,578.7819999999999,388.405,550.1080000000001,458.786,0.0,0.0,550.023,607.369,557.868,484.898,570.864,490.16,573.553,552.581,565.742,424.807,591.625,424.922,615.3480000000001,398.877,0,612.508,391.079,615.164,469.185,615.316,388.413,630.9119999999999,594.364,633.506,505.687,594.394,492.714,612.581,550.044,612.533,425.009,0.8,1280,-0.000483433133923,0.00333743635565,-0.0939061716199,0.0017694120761,0.00474661169574,0.000779592897743,860.268,555.26
39,960,239.861,320.657,239.896,391.075,0.0,0.0,297.1,589.129,286.744,385.872,258.1,445.731,284.195,513.62,239.754,354.50300000000004,250.301,351.968,273.687,323.345,3,263.29400000000004,320.717,258.075,401.4380000000001,273.668,320.541,302.4,594.476,284.118,401.352,276.387,443.146,302.311,513.631,258.121,351.994,0.8,1280,-0.000483433133923,0.00333743635565,-0.0939061716199,0.0017694120761,0.00474661169574,0.000779592897743,540.8485000000002,469.2655
40,960,597.014,385.856,565.742,451.014,0.0,0.0,565.684,597.057,573.452,482.3080000000001,589.206,490.096,594.4,550.099,578.761,422.217,607.357,422.376,0.0,0.0,0,630.8330000000001,391.01,630.9119999999999,466.706,0.0,0.0,633.5509999999999,599.646,649.106,497.945,612.6990000000001,490.186,625.629,550.111,630.799,424.912,0.8,1280,-0.000852091587149,0.00284032849595,-0.0798602774739,0.00112858100329,0.00279808952473,0.00105676800013,875.966,555.245
40,960,0.0,0.0,291.971,396.265,0.0,0.0,323.21,573.553,315.388,388.529,281.559,445.769,318.043,511.005,258.153,357.171,271.08,359.73400000000004,299.814,331.04,3,284.16700000000003,323.327,276.365,404.0580000000001,299.699,323.279,302.443,599.55,310.217,403.979,294.591,445.769,305.0,518.7919999999999,278.86,359.747,0.8,1280,-0.000852091587149,0.00284032849595,-0.0798602774739,0.00112858100329,0.00279808952473,0.00105676800013,551.3405,470.5585
41,960,615.3330000000001,383.234,576.187,448.467,0.0,0.0,591.658,589.082,591.698,471.811,599.63,487.406,615.24,539.638,594.433,409.37,620.475,414.523,654.424,391.05,0,649.104,385.78,651.755,464.052,654.465,385.79,638.702,602.2330000000001,664.788,492.773,630.875,487.49300000000005,636.128,544.794,649.137,419.658,0.8,1280,-0.0008606413030069,0.00220154901035,-0.114726938307,-0.0116401975974,-0.00869607925415,0.0123270582408,878.565,547.4285
41,960,0.0,0.0,289.391,398.821,0.0,0.0,362.367,555.354,0.0,0.0,302.439,443.094,344.06699999999995,503.088,281.645,346.792,289.382,349.365,320.701,325.878,3,305.024,320.76,286.733,398.825,320.567,320.741,302.551,594.524,325.874,398.853,307.596,443.117,320.624,516.219,294.582,351.93,0.8,1280,-0.0008606413030069,0.00220154901035,-0.114726938307,-0.0116401975974,-0.00869607925415,0.0123270582408,555.2555,467.9195
42,960,636.063,383.215,597.003,453.663,0.0,0.0,617.9490000000001,591.702,612.502,479.645,617.924,487.55,633.519,544.88,615.14,414.491,641.278,419.674,0.0,0.0,0,672.4989999999999,385.745,675.164,466.519,0.0,0.0,654.438,612.587,685.596,495.365,654.23,490.024,654.438,550.0980000000001,672.545,422.249,0.8,1280,0.00105687777977,0.00112630799413,-0.125270560384,-0.00768426386639,-0.00875686015934,0.0117066437379,882.4565,573.5445
42,960,0.0,0.0,351.917,403.968,0.0,0.0,401.4330000000001,552.703,359.719,396.246,341.45300000000003,448.311,367.585,508.387,317.99,357.172,317.968,359.792,344.158,328.514,3,325.878,323.254,297.213,404.151,344.03,323.275,320.656,596.987,265.89,445.74300000000005,333.68300000000005,448.4,328.54,529.137,310.23900000000003,359.772,0.8,1280,0.00105687777977,0.00112630799413,-0.125270560384,-0.00768426386639,-0.00875686015934,0.0117066437379,555.2815,488.765
46,960,677.893,383.177,638.781,456.193,0.0,0.0,677.7230000000001,604.7869999999999,649.092,487.391,662.197,490.142,680.3580000000001,550.13,657.005,411.948,688.204,419.755,0.0,0.0,0,714.27,385.876,724.697,466.67,0.0,0.0,672.495,617.879,735.166,497.964,695.9839999999999,492.717,680.47,552.625,716.841,424.904,0.8,1280,0.00446975138038,0.00168677582406,-0.0862255245446999,0.00176810321864,0.0103115206584,0.00156800576951,879.7885,604.7964999999998
46,960,362.337,312.793,328.439,385.914,0.0,0.0,424.827,549.992,299.848,424.936,370.2,427.622,409.30300000000005,490.059,351.934,344.076,375.364,344.13699999999994,0.0,0.0,3,391.04,317.99,406.817,391.004,0.0,0.0,341.505,570.779,0.0,0.0,391.072,427.612,385.721,508.445,398.848,344.149,0.8,1280,0.00446975138038,0.00168677582406,-0.0862255245446999,0.00176810321864,0.0103115206584,0.00156800576951,543.6015,507.077
47,960,693.3539999999999,383.203,654.302,448.524,0.0,0.0,677.768,609.9780000000001,654.4169999999999,487.58,677.693,490.088,693.3610000000001,552.679,672.6060000000001,409.354,698.615,417.124,0.0,0.0,0,722.18,385.755,737.663,466.519,0.0,0.0,675.05,620.44,740.4580000000001,492.737,701.3430000000001,492.753,696.0,552.705,722.22,422.319,0.8,1280,0.000877283804584,0.000790919351857,-0.100687980652,-0.00576357962564,0.0105556165799,0.0100272651762,905.905,613.9545
47,960,367.604,304.993,344.08,383.206,0.0,0.0,419.73,550.054,320.77,424.886,378.037,422.329,406.747,490.037,362.372,341.411,383.227,341.431,0.0,0.0,3,401.378,305.108,419.717,385.726,0.0,0.0,362.353,552.571,440.517,422.272,404.019,419.736,406.637,492.703,404.101,341.421,0.8,1280,0.000877283804584,0.000790919351857,-0.100687980652,-0.00576357962564,0.0105556165799,0.0100272651762,572.2025000000001,504.43
48,960,698.596,383.103,656.993,453.595,0.0,0.0,716.823,573.651,657.045,487.561,680.488,490.071,696.1510000000001,550.15,677.798,411.891,703.8760000000001,417.05300000000005,0.0,0.0,0,732.493,383.281,740.273,461.435,0.0,0.0,677.701,615.385,745.6239999999999,490.17,714.278,490.143,698.566,552.595,735.125,419.729,0.8,1280,0.000970208900981,-0.0005612671375269,-0.0974538400769,-0.00115038640797,0.00693291891366,0.00480142934248,933.3005,630.856
48,960,383.258,299.793,362.315,377.99,0.0,0.0,409.302,547.4630000000001,344.154,422.34,385.757,409.332,388.417,484.82,370.25,331.06300000000005,393.685,331.115,0.0,0.0,3,409.311,302.28700000000003,425.012,375.38,0.0,0.0,385.77,547.387,424.909,388.476,411.885,409.293,424.812,487.417,419.658,336.233,0.8,1280,0.000970208900981,-0.0005612671375269,-0.0974538400769,-0.00115038640797,0.00693291891366,0.00480142934248,603.481,523.943
49,960,709.067,383.254,667.3560000000001,448.478,0.0,0.0,701.3,594.465,675.1030000000001,484.84,696.0010000000001,490.174,701.2719999999999,550.107,688.2639999999999,411.849,716.895,419.649,743.082,388.437,0,737.7560000000001,385.759,750.813,466.52,742.938,383.242,695.8910000000001,615.118,758.59,492.732,722.085,495.334,716.8589999999999,552.7130000000001,740.47,424.784,0.8,1280,0.0033251142595,-0.000798688386567,-0.0971882194281,0.00393164856359,0.0115162814036,0.00147863745224,963.2305,636.0575
49,960,388.423,299.791,378.048,364.923,0.0,0.0,406.802,549.995,406.581,377.951,385.753,406.74300000000005,401.471,484.896,383.184,325.932,401.512,325.957,0.0,0.0,3,422.225,302.323,427.579,367.654,0.0,0.0,409.394,547.46,427.502,380.55,409.299,406.731,432.811,482.301,422.278,328.471,0.8,1280,0.0033251142595,-0.000798688386567,-0.0971882194281,0.00393164856359,0.0115162814036,0.00147863745224,638.7515000000002,529.156
50,960,717.007,385.922,677.887,450.972,0.0,0.0,716.915,597.0419999999999,677.9169999999999,487.57,701.352,492.718,719.508,552.628,698.742,414.509,724.7289999999999,422.221,758.73,391.074,0,745.5419999999999,385.907,758.633,466.644,758.6289999999999,385.821,714.3330000000001,607.45,769.02,497.891,735.174,495.315,735.153,552.758,753.423,424.855,0.8,1280,0.00441282428801,0.00110365869477,-0.104012727737,0.000326278066495,0.00899105425924,0.000232283171499,1037.59,642.5554999999998
50,960,404.181,302.387,403.961,383.136,403.884,302.29200000000003,406.837,568.226,427.578,383.242,404.109,422.317,406.837,497.95,401.402,331.119,411.901,333.646,398.891,305.028,3,427.629,302.445,427.527,380.59,0.0,0.0,445.763,552.632,466.4330000000001,424.801,427.569,422.262,456.204,487.463,427.474,336.311,0.8,1280,0.00441282428801,0.00110365869477,-0.104012727737,0.000326278066495,0.00899105425924,0.000232283171499,677.7915,522.6845000000002
56,960,499.26099999999997,344.13,492.756,419.63649999999996,0.0,0.0,458.801,589.1949999999999,0.0,0.0,497.9515,452.35,492.747,529.1985,493.9975,376.721,509.6155,379.27750000000003,265.893,181.223,3,522.7425000000001,345.4765,531.829,419.63649999999996,0.0,0.0,551.3405,580.1189999999999,547.4540000000001,449.7115,521.3655,456.1825,542.203,522.614,524.0125,381.88599999999997,0.8,1280,-0.0002567875199050002,-0.0002216213615649997,-0.07750148698689995,0.003154302132315,0.005882318364455,0.0008950035553450001,750.2057499999999,554.6300000000001
